{
	"*.wet": "mudfine,splash",

	"minecraft:air": "NOT_EMITTER",
	"minecraft:light": "NOT_EMITTER",
	"minecraft:cave_air": "NOT_EMITTER",
	"minecraft:void_air": "NOT_EMITTER",
	"minecraft:bubble_column": "NOT_EMITTER",
	"minecraft:structure_void": "NOT_EMITTER",
	"minecraft:barrier": "NOT_EMITTER",
	"minecraft:moving_piston": "NOT_EMITTER",
	"minecraft:water": "NOT_EMITTER",
	"minecraft:lava": "NOT_EMITTER",

	"minecraft:stone": "stone",
	"minecraft:granite": "stone,ore",
	"minecraft:polished_granite": "marble",
	"minecraft:diorite": "stone,ore",
	"minecraft:polished_diorite": "marble,ore",
	"minecraft:andesite": "stone",
	"minecraft:polished_andesite": "marble",
	"minecraft:grass_block": "grass",
	"minecraft:dirt": "dirt",
	"minecraft:coarse_dirt": "dirt,gravel",
	"minecraft:rooted_dirt": "dirt,gravel",
	"minecraft:dirt_path": "grass",
	"minecraft:podzol": "dirt,straw",
	"minecraft:cobblestone": "stone",

	"minecraft:raw_iron_block": "stone",
	"minecraft:raw_copper_block": "stone",
	"minecraft:raw_gold_block": "stone",

	"minecraft:deepslate[axis=y]": "slate",
	"minecraft:deepslate": "rough_slate",
	"minecraft:reinforced_deepslate": "rough_slate",
	"minecraft:infested_deepslate": "slate",

	"minecraft:cobbled_deepslate": "rough_slate",
	"minecraft:cobbled_deepslate_wall.bigger": "rough_slate",
	"minecraft:cobbled_deepslate_stairs": "rough_slate",
	"minecraft:cobbled_deepslate_slab": "rough_slate",
	"minecraft:polished_deepslate": "composite,ore",
	"minecraft:polished_deepslate_wall.bigger": "composite,ore",
	"minecraft:polished_deepslate_stairs": "composite,ore",
	"minecraft:polished_deepslate_slab": "composite,ore",
	
	"minecraft:deepslate_bricks": "composite,brickstone",
	"minecraft:deepslate_brick_wall.bigger": "composite,brickstone",
	"minecraft:deepslate_brick_stairs": "composite,brickstone",
	"minecraft:deepslate_brick_slab": "composite,brickstone",
	"minecraft:cracked_deepslate_bricks": "composite,brickstone",
	"minecraft:chiseled_deepslate": "composite,brickstone",
	
	"minecraft:deepslate_tiles": "brickstone",
	"minecraft:deepslate_tile_wall.bigger": "brickstone",
	"minecraft:deepslate_tile_stairs": "brickstone",
	"minecraft:deepslate_tile_slab": "brickstone",
	"minecraft:cracked_deepslate_tiles": "brickstone",

	"#minecraft:planks": "wood",

	"minecraft:bedrock": "bedrock",
	"#minecraft:sand": "sand",
	"minecraft:gravel": "gravel",

	"minecraft:diamond_ore": "ore",
	"minecraft:copper_ore": "ore",
	"minecraft:redstone_ore": "ore",
	"minecraft:emerald_ore": "ore",
	"minecraft:gold_ore": "ore",
	"minecraft:iron_ore": "ore",
	"minecraft:coal_ore": "ore",
	"minecraft:nether_gold_ore": "ore",


	"minecraft:deepslate_diamond_ore": "slate_ore",
	"minecraft:deepslate_copper_ore": "slate_ore",
	"minecraft:deepslate_redstone_ore": "slate_ore",
	"minecraft:deepslate_lapis_ore": "slate_ore",
	"minecraft:deepslate_emerald_ore": "slate_ore",
	"minecraft:deepslate_gold_ore": "slate_ore",
	"minecraft:deepslate_iron_ore": "slate_ore",
	"minecraft:deepslate_coal_ore": "slate_ore",

	"minecraft:oak_log": "wood",
	"minecraft:spruce_log": "wood",
	"minecraft:birch_log": "wood",
	"minecraft:jungle_log": "wood",
	"minecraft:acacia_log": "wood",
	"minecraft:dark_oak_log": "wood",
	"minecraft:mangrove_log": "wood",

	"minecraft:stripped_oak_log": "wood,stone",
	"minecraft:stripped_spruce_log": "wood,stone",
	"minecraft:stripped_birch_log": "wood,stone",
	"minecraft:stripped_jungle_log": "wood,stone",
	"minecraft:stripped_acacia_log": "wood,stone",
	"minecraft:stripped_dark_oak_log": "wood,stone",
	"minecraft:stripped_mangrove_log": "wood,stone",

	"minecraft:stripped_oak_wood": "wood,stone",
	"minecraft:stripped_spruce_wood": "wood,stone",
	"minecraft:stripped_birch_wood": "wood,stone",
	"minecraft:stripped_jungle_wood": "wood,stone",
	"minecraft:stripped_acacia_wood": "wood,stone",
	"minecraft:stripped_dark_oak_wood": "wood,stone",
	"minecraft:stripped_mangrove_wood": "wood,stone",

	"minecraft:oak_wood": "wood",
	"minecraft:spruce_wood": "wood",
	"minecraft:birch_wood": "wood",
	"minecraft:jungle_wood": "wood",
	"minecraft:acacia_wood": "wood",
	"minecraft:dark_oak_wood": "wood",
	"minecraft:mangrove_wood": "wood",

	"#minecraft:leaves": "leaves",

	"minecraft:sponge": "organic",
	"minecraft:wet_sponge": "mud",
	"minecraft:glass": "glass",
	"minecraft:lapis_ore": "ore",
	"minecraft:lapis_block": "composite",
	"minecraft:dispenser": "stonemachine",

	"minecraft:sandstone": "sandstone",
	"minecraft:chiseled_sandstone": "sandstone",
	"minecraft:cut_sandstone": "sandstone",

	"minecraft:note_block": "woodutility",

	"minecraft:piston_head[facing=up,type=sticky]": "wood_sticky",
	"minecraft:piston_head": "wood",

	"minecraft:sticky_piston[facing=up]": "wood_sticky",
	"minecraft:sticky_piston": "stonemachine",

	"minecraft:cobweb": "NOT_EMITTER",
	"minecraft:redstone_wire": "NOT_EMITTER",
	"#minecraft:fire": "NOT_EMITTER",
	"#minecraft:fire.carpet": "NOT_EMITTER",
	"#minecraft:fire.foliage": "fire",
	"minecraft:spawner": "metalbar",

	"minecraft:grass": "NOT_EMITTER",
	"minecraft:grass.messy": "MESSY_GROUND",
	"minecraft:grass.foliage": "brush",

	"minecraft:fern": "NOT_EMITTER",
	"minecraft:fern.messy": "MESSY_GROUND",
	"minecraft:fern.foliage": "straw",

	"minecraft:dead_bush": "NOT_EMITTER",
	"minecraft:dead_bush.messy": "MESSY_GROUND",
	"minecraft:dead_bush.foliage": "straw",

	"minecraft:seagrass": "NOT_EMITTER",
	"minecraft:seagrass.messy": "MESSY_GROUND",
	"minecraft:seagrass.foliage": "mud",

	"minecraft:tall_seagrass": "NOT_EMITTER",
	"minecraft:tall_seagrass.messy": "MESSY_GROUND",
	"minecraft:tall_seagrass.foliage": "mud",

	"minecraft:sea_pickle": "mud,slime",

	"minecraft:piston[facing=up]": "wood",
	"minecraft:piston": "stonemachine",

	"#minecraft:wool": "rug",

	"minecraft:dandelion": "NOT_EMITTER",
	"minecraft:poppy": "NOT_EMITTER",
	"minecraft:blue_orchid": "NOT_EMITTER",
	"minecraft:allium": "NOT_EMITTER",
	"minecraft:azure_bluet": "NOT_EMITTER",

	"minecraft:red_tulip": "NOT_EMITTER",
	"minecraft:orange_tulip": "NOT_EMITTER",
	"minecraft:white_tulip": "NOT_EMITTER",
	"minecraft:pink_tulip": "NOT_EMITTER",

	"minecraft:oxeye_daisy": "NOT_EMITTER",
	"minecraft:oxeye_daisy.foliage": "brush",
	"minecraft:cornflower": "NOT_EMITTER",
	"minecraft:lily_of_the_valley": "NOT_EMITTER",

	"minecraft:wither_rose": "NOT_EMITTER",
	"minecraft:wither_rose.messy": "straw",
	"minecraft:wither_rose.foliage": "brush",

	"minecraft:brown_mushroom": "NOT_EMITTER",
	"minecraft:red_mushroom": "NOT_EMITTER",

	"minecraft:gold_block": "hardmetal",
	"minecraft:iron_block": "hardmetal",
	"minecraft:netherite_block": "hollowmetal",

	"minecraft:oak_slab": "wood",
	"minecraft:spruce_slab": "wood",
	"minecraft:birch_slab": "wood",
	"minecraft:jungle_slab": "wood",
	"minecraft:acacia_slab": "wood",
	"minecraft:dark_oak_slab": "wood",
	"minecraft:mangrove_slab": "wood",

	"minecraft:stone_slab": "stone",
	"minecraft:smooth_stone_slab": "marble",
	"minecraft:sandstone_slab": "sandstone",
	"minecraft:cut_sandstone_slab": "sandstone",
	"minecraft:petrified_oak_slab": "wood,brickstone",
	"minecraft:cobblestone_slab": "stone",
	"minecraft:brick_slab": "brickstone",
	"minecraft:stone_brick_slab": "brickstone",
	"minecraft:nether_brick_slab": "brickstone",
	"minecraft:quartz_slab": "marble",
	"minecraft:quartz_bricks": "marble",
	"minecraft:red_sandstone_slab": "sandstone",
	"minecraft:cut_red_sandstone_slab": "sandstone",
	"minecraft:purpur_slab": "stonemachine,brickstone",
	"minecraft:prismarine_slab": "stone",
	"minecraft:prismarine_brick_slab": "brickstone",
	"minecraft:dark_prismarine_slab": "stone",

	"minecraft:smooth_quartz": "marble",
	"minecraft:smooth_red_sandstone": "sandstone",
	"minecraft:smooth_sandstone": "sandstone",
	"minecraft:smooth_stone": "marble",

	"minecraft:bricks": "brickstone",
	"minecraft:tnt": "equipment",
	"minecraft:bookshelf": "wood",
	"minecraft:chiseled_bookshelf": "wood",
	"minecraft:mossy_cobblestone": "stone",
	"minecraft:obsidian": "obsidian",
	"minecraft:crying_obsidian": "obsidian",
	"minecraft:respawn_anchor": "obsidian",

	"minecraft:torch": "NOT_EMITTER",
	"minecraft:wall_torch": "NOT_EMITTER",
	"minecraft:soul_torch": "NOT_EMITTER",
	"minecraft:soul_wall_torch": "NOT_EMITTER",
	"minecraft:end_rod": "metalbar",

	"minecraft:chorus_flower": "organic_solid",
	"minecraft:chorus_plant": "squeakywood,organic_dry",
	"minecraft:purpur_block": "stonemachine,brickstone",
	"minecraft:purpur_pillar": "stonemachine,brickstone",
	"minecraft:purpur_stairs": "stonemachine,brickstone",

	"minecraft:chest": "squeakywood",
	"minecraft:diamond_block": "composite",
	"minecraft:crafting_table": "wood",
	"minecraft:farmland": "dirt",
	"minecraft:furnace": "stonemachine",
	"minecraft:ladder": "ladder_default",

	"#minecraft:rails": "NOT_EMITTER",
	"#minecraft:rails.foliage": "rails",

	"minecraft:cobblestone_stairs": "stone",
	"minecraft:lever": "NOT_EMITTER",

	"minecraft:stone_pressure_plate": "stone",
	"minecraft:stone_pressure_plate.carpet": "stone",
	"#minecraft:wooden_pressure_plates": "wood",
	"#minecraft:wooden_pressure_plates.carpet": "wood",

	"minecraft:lightning_rod": "copper",
	"minecraft:copper_block": "copper",
	"minecraft:oxidized_copper": "copper",
	"minecraft:exposed_copper": "copper",
	"minecraft:weathered_copper": "copper",

	"minecraft:cut_copper": "copper",
	"minecraft:oxidized_cut_copper": "copper",
	"minecraft:exposed_cut_copper": "copper",
	"minecraft:weathered_cut_copper": "copper",

	"minecraft:cut_copper_stairs": "copper",
	"minecraft:oxidized_cut_copper_stairs": "copper",
	"minecraft:exposed_cut_copper_stairs": "copper",
	"minecraft:weathered_cut_copper_stairs": "copper",

	"minecraft:cut_copper_slab": "copper",
	"minecraft:oxidized_cut_copper_slab": "copper",
	"minecraft:exposed_cut_copper_slab": "copper",
	"minecraft:weathered_cut_copper_slab": "copper",

	"minecraft:waxed_copper_block": "squeakycopper",
	"minecraft:waxed_oxidized_copper": "squeakycopper",
	"minecraft:waxed_exposed_copper": "squeakycopper",
	"minecraft:waxed_weathered_copper": "squeakycopper",

	"minecraft:waxed_cut_copper": "squeakycopper",
	"minecraft:waxed_oxidized_cut_copper": "squeakycopper",
	"minecraft:waxed_exposed_cut_copper": "squeakycopper",
	"minecraft:waxed_weathered_cut_copper": "squeakycopper",

	"minecraft:waxed_cut_copper_stairs": "squeakycopper",
	"minecraft:waxed_oxidized_cut_copper_stairs": "squeakycopper",
	"minecraft:waxed_exposed_cut_copper_stairs": "squeakycopper",
	"minecraft:waxed_weathered_cut_copper_stairs": "squeakycopper",

	"minecraft:waxed_cut_copper_slab": "squeakycopper",
	"minecraft:waxed_oxidized_cut_copper_slab": "squeakycopper",
	"minecraft:waxed_exposed_cut_copper_slab": "squeakycopper",
	"minecraft:waxed_weathered_cut_copper_slab": "squeakycopper",

	"minecraft:amethyst_block": "chimes",
	"minecraft:budding_amethyst": "chimes",
	"minecraft:amethyst_cluster": "chimes",
	"minecraft:amethyst_cluster.foliage": "chimes",
	"minecraft:large_amethyst_bud": "chimes",
	"minecraft:large_amethyst_bud.foliage": "chimes",
	"minecraft:medium_amethyst_bud": "chimes",
	"minecraft:medium_amethyst_bud.foliage": "chimes",
	"minecraft:small_amethyst_bud": "chimes",
	"minecraft:small_amethyst_bud.foliage": "chimes",

	"minecraft:glow_lichen.foliage[down=true]": "grass",
	"minecraft:glow_lichen.foliage": "NOT_EMITTER",

	"minecraft:dripstone_block": "sandstone,ore",
	"minecraft:pointed_dripstone": "ore",
	"minecraft:pointed_dripstone.foliage": "ore",

	"minecraft:sculk": "organic_solid",
	"minecraft:sculk_catalyst": "organic_solid",
	"minecraft:sculk_shrieker": "organic_solid",
	"minecraft:sculk_vein.carpet": "organic_solid",
	"minecraft:sculk_sensor": "sand,mud",
	"minecraft:sculk_sensor.foliage": "brush",

	"minecraft:redstone_torch": "NOT_EMITTER",
	"minecraft:redstone_wall_torch": "NOT_EMITTER",
	"minecraft:stone_button[face=floor].foliage": "stone",
	"minecraft:stone_button": "NOT_EMITTER",

	"minecraft:snow": "snow",
	"minecraft:snow.carpet": "snow",
	"minecraft:snow_block": "snow",
	"minecraft:powder_snow": "snow",

	"minecraft:packed_ice": "stone,snow",
	"#minecraft:ice": "ice",

	"minecraft:cactus": "grass",
	"minecraft:clay": "dirt",
	"minecraft:jukebox": "woodutility",

	"#minecraft:wooden_fences.bigger": "bluntwood",

	"minecraft:pumpkin": "organic_solid",
	"minecraft:carved_pumpkin": "organic_solid",
	"minecraft:netherrack": "stone",
	"minecraft:soul_sand": "quicksand",
	"minecraft:glowstone": "glowstone",
	"minecraft:nether_portal": "NOT_EMITTER",
	"minecraft:jack_o_lantern": "organic_solid",

	"#minecraft:wooden_trapdoors": "bluntwood",

	"minecraft:bee_nest": "squeakywood,organic",
	"#minecraft:beehives": "squeakywood",
	"minecraft:honeycomb_block": "stone,organic_solid",

	"minecraft:infested_stone": "stone",
	"minecraft:infested_cobblestone": "stone",
	"minecraft:infested_stone_bricks": "brickstone",
	"minecraft:infested_mossy_stone_bricks": "brickstone",
	"minecraft:infested_cracked_stone_bricks": "brickstone",
	"minecraft:infested_chiseled_stone_bricks": "brickstone",
	"minecraft:stone_bricks": "brickstone",
	"minecraft:mossy_stone_bricks": "brickstone",
	"minecraft:cracked_stone_bricks": "brickstone",
	"minecraft:chiseled_stone_bricks": "brickstone",

	"minecraft:brown_mushroom_block": "mushroom",
	"minecraft:red_mushroom_block": "mushroom",
	"minecraft:mushroom_stem": "mushroom",
	"minecraft:ochre_froglight": "mushroom",
	"minecraft:pearlescent_froglight": "mushroom",
	"minecraft:verdant_froglight": "mushroom",

	"minecraft:iron_bars": "metalbar",
	"minecraft:glass_pane": "glass",
	"minecraft:melon": "organic",
	"minecraft:pumpkin_stem": "NOT_EMITTER",
	"minecraft:attached_pumpkin_stem": "NOT_EMITTER",
	"minecraft:melon_stem": "NOT_EMITTER",
	"minecraft:attached_melon_stem": "NOT_EMITTER",
	"minecraft:vine": "leaves",
	"minecraft:vine.foliage": "leaves",
	"#minecraft:cave_vines": "leaves",

	"#minecraft:saplings": "NOT_EMITTER",
	"#minecraft:saplings.messy": "MESSY_GROUND",
	"#minecraft:saplings.foliage": "straw",

	"minecraft:small_dripleaf": "NOT_EMITTER",
	"minecraft:small_dripleaf.messy": "MESSY_GROUND",
	"minecraft:small_dripleaf.foliage": "straw",

	"minecraft:big_dripleaf": "straw",
	"minecraft:big_dripleaf.messy": "MESSY_GROUND",

	"minecraft:big_dripleaf_stem": "NOT_EMITTER",
	"minecraft:big_dripleaf_stem.messy": "MESSY_GROUND",
	"minecraft:big_dripleaf_stem.foliage": "straw",
	
	"minecraft:moss_block": "rug",
	"minecraft:moss_carpet": "rug",
	"minecraft:moss_carpet.carpet": "rug,grass",
	
	"minecraft:azalea": "leaves",
	"minecraft:flowering_azalea": "leaves",
	"minecraft:mangrove_roots": "rug,leaves",
	"minecraft:muddy_mangrove_roots": "mud,slick",
	
	"minecraft:mud": "mud",
	"minecraft:packed_mud": "dirt",
	"minecraft:mud_bricks": "brickstone",
	"minecraft:mud_brick_stairs": "brickstone",
	"minecraft:mud_brick_slab": "brickstone",
	"minecraft:mud_brick_wall.bigger": "brickstone",
	"minecraft:mud_brick_wall": "NOT_EMITTED",

	"minecraft:spore_blossom": "NOT_EMITTER",
	"minecraft:hanging_roots": "NOT_EMITTER",

	"minecraft:oak_fence_gate.bigger": "bluntwood",
	"minecraft:spruce_fence_gate.bigger": "bluntwood",
	"minecraft:birch_fence_gate.bigger": "bluntwood",
	"minecraft:jungle_fence_gate.bigger": "bluntwood",
	"minecraft:acacia_fence_gate.bigger": "bluntwood",
	"minecraft:dark_oak_fence_gate.bigger": "bluntwood",
	"minecraft:mangrove_fence_gate.bigger": "bluntwood",
	"minecraft:bamboo_fence_gate.bigger": "bluntwood",

	"minecraft:brick_stairs": "brickstone",
	"minecraft:stone_brick_stairs": "brickstone",
	"minecraft:mycelium": "grass",
	"minecraft:lily_pad": "waterfine",
	"minecraft:lily_pad.carpet": "waterfine",
	"minecraft:frogspawn": "NON_EMITTER",

	"minecraft:nether_bricks": "brickstone",
	"minecraft:cracked_nether_bricks": "brickstone",
	"minecraft:chiseled_nether_bricks": "brickstone",
	"minecraft:nether_brick_fence.bigger": "brickstone",
	"minecraft:nether_brick_stairs": "brickstone",
	"minecraft:enchanting_table": "stoneutility",

	"minecraft:end_portal": "NOT_EMITTER",
	"minecraft:end_portal_frame": "stoneutility",
	"minecraft:end_gateway": "NOT_EMITTER",
	"minecraft:end_stone": "stone",
	"minecraft:end_stone_bricks": "brickstone",

	"minecraft:redstone_lamp": "stoneutility",
	"minecraft:sandstone_stairs": "sandstone",
	"minecraft:ender_chest": "obsidian",
	"minecraft:tripwire_hook": "NOT_EMITTER",
	"minecraft:tripwire": "NOT_EMITTER",
	"minecraft:emerald_block": "composite",

	"minecraft:crimson_stairs": "wood,mushroom",
	"minecraft:warped_stairs": "wood,mushroom",
	"#minecraft:wooden_stairs": "wood",

	"minecraft:beacon": "glass",

	"minecraft:cobblestone_wall.bigger": "stone",
	"minecraft:mossy_cobblestone_wall.bigger": "stone",
	"minecraft:brick_wall.bigger": "brickstone",
	"minecraft:prismarine_wall.bigger": "stone",
	"minecraft:red_sandstone_wall.bigger": "sandstone",
	"minecraft:mossy_stone_brick_wall.bigger": "brickstone",
	"minecraft:granite_wall.bigger": "stone,ore",
	"minecraft:stone_brick_wall.bigger": "brickstone",
	"minecraft:nether_brick_wall.bigger": "brickstone",
	"minecraft:andesite_wall.bigger": "stone",
	"minecraft:red_nether_brick_wall.bigger": "brickstone",
	"minecraft:sandstone_wall.bigger": "sandstone",
	"minecraft:end_stone_brick_wall.bigger": "brickstone",
	"minecraft:diorite_wall.bigger": "stone,ore",

	"minecraft:oak_button[face=floor].foliage": "wood",
	"minecraft:oak_button": "NOT_EMITTER",
	"minecraft:spruce_button[face=floor].foliage": "wood",
	"minecraft:spruce_button": "NOT_EMITTER",
	"minecraft:birch_button[face=floor].foliage": "wood",
	"minecraft:birch_button": "NOT_EMITTER",
	"minecraft:jungle_button[face=floor].foliage": "wood",
	"minecraft:jungle_button": "NOT_EMITTER",
	"minecraft:acacia_button[face=floor].foliage": "wood",
	"minecraft:acacia_button": "NOT_EMITTER",
	"minecraft:dark_oak_button[face=floor].foliage": "wood",
	"minecraft:dark_oak_button": "NOT_EMITTER",
	"minecraft:mangrove_button[face=floor].foliage": "wood",
	"minecraft:mangrove_button": "NOT_EMITTER",

	"#minecraft:anvil": "metalcompressed,hardmetal",

	"minecraft:trapped_chest": "squeakywood",
	"minecraft:light_weighted_pressure_plate": "hardmetal",
	"minecraft:light_weighted_pressure_plate.carpet": "hardmetal",
	"minecraft:heavy_weighted_pressure_plate": "hardmetal",
	"minecraft:heavy_weighted_pressure_plate.carpet": "hardmetal",
	"minecraft:daylight_detector": "stoneutility,glass",
	"minecraft:redstone_block": "composite",
	"minecraft:nether_quartz_ore": "ore",
	"minecraft:hopper": "metalbar",

	"minecraft:chiseled_quartz_block": "marble",
	"minecraft:quartz_block": "marble",
	"minecraft:quartz_pillar": "marble",
	"minecraft:quartz_stairs": "marble",
	"minecraft:dropper": "stonemachine",

	"minecraft:white_terracotta": "brickstone",
	"minecraft:orange_terracotta": "brickstone",
	"minecraft:magenta_terracotta": "brickstone",
	"minecraft:light_blue_terracotta": "brickstone",
	"minecraft:yellow_terracotta": "brickstone",
	"minecraft:lime_terracotta": "brickstone",
	"minecraft:pink_terracotta": "brickstone",
	"minecraft:gray_terracotta": "brickstone",
	"minecraft:light_gray_terracotta": "brickstone",
	"minecraft:cyan_terracotta": "brickstone",
	"minecraft:purple_terracotta": "brickstone",
	"minecraft:blue_terracotta": "brickstone",
	"minecraft:brown_terracotta": "brickstone",
	"minecraft:green_terracotta": "brickstone",
	"minecraft:red_terracotta": "brickstone",
	"minecraft:black_terracotta": "brickstone",

	"minecraft:iron_trapdoor": "metalsubparts",
	"minecraft:hay_block": "leaves",

	"#minecraft:wool_carpets": "rug",
	"#minecraft:wool_carpets.carpet": "rug",

	"minecraft:terracotta": "brickstone",
	"minecraft:coal_block": "stone",

	"minecraft:slime_block": "mud,slime",
	"minecraft:honey_block": "honey",

	"minecraft:sunflower": "NOT_EMITTER",
	"minecraft:sunflower.messy": "MESSY_GROUND",
	"minecraft:sunflower.foliage": "brush",

	"minecraft:lilac": "NOT_EMITTER",
	"minecraft:lilac.messy": "MESSY_GROUND",
	"minecraft:lilac.foliage": "brush_straw_transition",

	"minecraft:rose_bush": "NOT_EMITTER",
	"minecraft:rose_bush.messy": "MESSY_GROUND",
	"minecraft:rose_bush.foliage": "brush",

	"minecraft:peony": "NOT_EMITTER",
	"minecraft:peony.messy": "MESSY_GROUND",
	"minecraft:peony.foliage": "brush_straw_transition",

	"minecraft:tall_grass": "NOT_EMITTER",
	"minecraft:tall_grass.messy": "MESSY_GROUND",
	"minecraft:tall_grass.foliage": "brush_straw_transition",

	"minecraft:large_fern": "NOT_EMITTER",
	"minecraft:large_fern.messy": "MESSY_GROUND",
	"minecraft:large_fern.foliage": "brush_straw_transition",

	"minecraft:white_stained_glass": "glass",
	"minecraft:orange_stained_glass": "glass",
	"minecraft:magenta_stained_glass": "glass",
	"minecraft:light_blue_stained_glass": "glass",
	"minecraft:yellow_stained_glass": "glass",
	"minecraft:lime_stained_glass": "glass",
	"minecraft:pink_stained_glass": "glass",
	"minecraft:gray_stained_glass": "glass",
	"minecraft:light_gray_stained_glass": "glass",
	"minecraft:cyan_stained_glass": "glass",
	"minecraft:purple_stained_glass": "glass",
	"minecraft:blue_stained_glass": "glass",
	"minecraft:brown_stained_glass": "glass",
	"minecraft:green_stained_glass": "glass",
	"minecraft:red_stained_glass": "glass",
	"minecraft:black_stained_glass": "glass",
	"minecraft:tinted_glass": "glass",

	"minecraft:white_stained_glass_pane": "glass",
	"minecraft:orange_stained_glass_pane": "glass",
	"minecraft:magenta_stained_glass_pane": "glass",
	"minecraft:light_blue_stained_glass_pane": "glass",
	"minecraft:yellow_stained_glass_pane": "glass",
	"minecraft:lime_stained_glass_pane": "glass",
	"minecraft:pink_stained_glass_pane": "glass",
	"minecraft:gray_stained_glass_pane": "glass",
	"minecraft:light_gray_stained_glass_pane": "glass",
	"minecraft:cyan_stained_glass_pane": "glass",
	"minecraft:purple_stained_glass_pane": "glass",
	"minecraft:blue_stained_glass_pane": "glass",
	"minecraft:brown_stained_glass_pane": "glass",
	"minecraft:green_stained_glass_pane": "glass",
	"minecraft:red_stained_glass_pane": "glass",
	"minecraft:black_stained_glass_pane": "glass",

	"minecraft:prismarine": "stone",
	"minecraft:prismarine_bricks": "brickstone",
	"minecraft:dark_prismarine": "stone",

	"minecraft:prismarine_stairs": "stone",
	"minecraft:prismarine_brick_stairs": "brickstone",
	"minecraft:dark_prismarine_stairs": "stone",

	"minecraft:sea_lantern": "stoneutility",

	"minecraft:red_sandstone": "sandstone",
	"minecraft:chiseled_red_sandstone": "sandstone",
	"minecraft:cut_red_sandstone": "sandstone",
	"minecraft:red_sandstone_stairs": "sandstone",

	"minecraft:magma_block": "magma",
	"minecraft:nether_wart_block": "organic_solid,mushroom",
	"minecraft:warped_wart_block": "organic_solid,mushroom",
	"minecraft:red_nether_bricks": "brickstone",
	"minecraft:bone_block": "bone",

	"minecraft:observer": "stoneutility",

	"minecraft:shulker_box": "squeakywood",
	"minecraft:white_shulker_box": "squeakywood",
	"minecraft:orange_shulker_box": "squeakywood",
	"minecraft:magenta_shulker_box": "squeakywood",
	"minecraft:light_blue_shulker_box": "squeakywood",
	"minecraft:yellow_shulker_box": "squeakywood",
	"minecraft:lime_shulker_box": "squeakywood",
	"minecraft:pink_shulker_box": "squeakywood",
	"minecraft:gray_shulker_box": "squeakywood",
	"minecraft:light_gray_shulker_box": "squeakywood",
	"minecraft:cyan_shulker_box": "squeakywood",
	"minecraft:purple_shulker_box": "squeakywood",
	"minecraft:blue_shulker_box": "squeakywood",
	"minecraft:brown_shulker_box": "squeakywood",
	"minecraft:green_shulker_box": "squeakywood",
	"minecraft:red_shulker_box": "squeakywood",
	"minecraft:black_shulker_box": "squeakywood",

	"minecraft:white_glazed_terracotta": "composite",
	"minecraft:orange_glazed_terracotta": "composite",
	"minecraft:magenta_glazed_terracotta": "composite",
	"minecraft:light_blue_glazed_terracotta": "composite",
	"minecraft:yellow_glazed_terracotta": "composite",
	"minecraft:lime_glazed_terracotta": "composite",
	"minecraft:pink_glazed_terracotta": "composite",
	"minecraft:gray_glazed_terracotta": "composite",
	"minecraft:light_gray_glazed_terracotta": "composite",
	"minecraft:cyan_glazed_terracotta": "composite",
	"minecraft:purple_glazed_terracotta": "composite",
	"minecraft:blue_glazed_terracotta": "composite",
	"minecraft:brown_glazed_terracotta": "composite",
	"minecraft:green_glazed_terracotta": "composite",
	"minecraft:red_glazed_terracotta": "composite",
	"minecraft:black_glazed_terracotta": "composite",

	"minecraft:white_concrete": "stone",
	"minecraft:orange_concrete": "stone",
	"minecraft:magenta_concrete": "stone",
	"minecraft:light_blue_concrete": "stone",
	"minecraft:yellow_concrete": "stone",
	"minecraft:lime_concrete": "stone",
	"minecraft:pink_concrete": "stone",
	"minecraft:gray_concrete": "stone",
	"minecraft:light_gray_concrete": "stone",
	"minecraft:cyan_concrete": "stone",
	"minecraft:purple_concrete": "stone",
	"minecraft:blue_concrete": "stone",
	"minecraft:brown_concrete": "stone",
	"minecraft:green_concrete": "stone",
	"minecraft:red_concrete": "stone",
	"minecraft:black_concrete": "stone",

	"minecraft:white_concrete_powder": "sand",
	"minecraft:orange_concrete_powder": "sand",
	"minecraft:magenta_concrete_powder": "sand",
	"minecraft:light_blue_concrete_powder": "sand",
	"minecraft:yellow_concrete_powder": "sand",
	"minecraft:lime_concrete_powder": "sand",
	"minecraft:pink_concrete_powder": "sand",
	"minecraft:gray_concrete_powder": "sand",
	"minecraft:light_gray_concrete_powder": "sand",
	"minecraft:cyan_concrete_powder": "sand",
	"minecraft:purple_concrete_powder": "sand",
	"minecraft:blue_concrete_powder": "sand",
	"minecraft:brown_concrete_powder": "sand",
	"minecraft:green_concrete_powder": "sand",
	"minecraft:red_concrete_powder": "sand",
	"minecraft:black_concrete_powder": "sand",

	"minecraft:turtle_egg": "bone",
	"minecraft:dragon_egg": "obsidian",

	"#minecraft:coral_blocks": "organic",

	"#minecraft:coral_plants": "NOT_EMITTER",
	"#minecraft:coral_plants.messy": "MESSY_GROUND",
	"#minecraft:coral_plants.foliage": "brush",

	"#minecraft:corals": "NOT_EMITTER",
	"#minecraft:corals.messy": "MESSY_GROUND",
	"#minecraft:corals.foliage": "brush",

	"#minecraft:wall_corals": "NOT_EMITTER",
	"#minecraft:wall_corals.messy": "MESSY_GROUND",
	"#minecraft:wall_corals.foliage": "brush",

	"minecraft:dead_tube_coral_block": "bone,ore",
	"minecraft:dead_brain_coral_block": "bone,ore",
	"minecraft:dead_bubble_coral_block": "bone,ore",
	"minecraft:dead_fire_coral_block": "bone,ore",
	"minecraft:dead_horn_coral_block": "bone,ore",

	"minecraft:dead_tube_coral": "NOT_EMITTER",
	"minecraft:dead_tube_coral.messy": "MESSY_GROUND",
	"minecraft:dead_tube_coral.foliage": "brush",
	"minecraft:dead_brain_coral": "NOT_EMITTER",
	"minecraft:dead_brain_coral.messy": "MESSY_GROUND",
	"minecraft:dead_brain_coral.foliage": "brush",
	"minecraft:dead_bubble_coral": "NOT_EMITTER",
	"minecraft:dead_bubble_coral.messy": "MESSY_GROUND",
	"minecraft:dead_bubble_coral.foliage": "brush",
	"minecraft:dead_fire_coral": "NOT_EMITTER",
	"minecraft:dead_fire_coral.messy": "MESSY_GROUND",
	"minecraft:dead_fire_coral.foliage": "brush",
	"minecraft:dead_horn_coral": "NOT_EMITTER",
	"minecraft:dead_horn_coral.messy": "MESSY_GROUND",
	"minecraft:dead_horn_coral.foliage": "brush",

	"minecraft:dead_tube_coral_fan": "NOT_EMITTER",
	"minecraft:dead_tube_coral_fan.messy": "MESSY_GROUND",
	"minecraft:dead_tube_coral_fan.foliage": "brush",
	"minecraft:dead_brain_coral_fan": "NOT_EMITTER",
	"minecraft:dead_brain_coral_fan.messy": "MESSY_GROUND",
	"minecraft:dead_brain_coral_fan.foliage": "brush",
	"minecraft:dead_bubble_coral_fan": "NOT_EMITTER",
	"minecraft:dead_bubble_coral_fan.messy": "MESSY_GROUND",
	"minecraft:dead_bubble_coral_fan.foliage": "brush",
	"minecraft:dead_fire_coral_fan": "NOT_EMITTER",
	"minecraft:dead_fire_coral_fan.messy": "MESSY_GROUND",
	"minecraft:dead_fire_coral_fan.foliage": "brush",
	"minecraft:dead_horn_coral_fan": "NOT_EMITTER",
	"minecraft:dead_horn_coral_fan.messy": "MESSY_GROUND",
	"minecraft:dead_horn_coral_fan.foliage": "brush",

	"minecraft:dead_tube_coral_wall_fan": "NOT_EMITTER",
	"minecraft:dead_tube_coral_wall_fan.messy": "MESSY_GROUND",
	"minecraft:dead_tube_coral_wall_fan.foliage": "brush",
	"minecraft:dead_brain_coral_wall_fan": "NOT_EMITTER",
	"minecraft:dead_brain_coral_wall_fan.messy": "MESSY_GROUND",
	"minecraft:dead_brain_coral_wall_fan.foliage": "brush",
	"minecraft:dead_bubble_coral_wall_fan": "NOT_EMITTER",
	"minecraft:dead_bubble_coral_wall_fan.messy": "MESSY_GROUND",
	"minecraft:dead_bubble_coral_wall_fan.foliage": "brush",
	"minecraft:dead_fire_coral_wall_fan": "NOT_EMITTER",
	"minecraft:dead_fire_coral_wall_fan.messy": "MESSY_GROUND",
	"minecraft:dead_fire_coral_wall_fan.foliage": "brush",
	"minecraft:dead_horn_coral_wall_fan": "NOT_EMITTER",
	"minecraft:dead_horn_coral_wall_fan.messy": "MESSY_GROUND",
	"minecraft:dead_horn_coral_wall_fan.foliage": "brush",

	"minecraft:conduit": "stone",

	"minecraft:polished_granite_stairs": "marble",
	"minecraft:smooth_red_sandstone_stairs": "sandstone",
	"minecraft:mossy_stone_brick_stairs": "brickstone",
	"minecraft:polished_diorite_stairs": "marble,ore",
	"minecraft:mossy_cobblestone_stairs": "stone",
	"minecraft:end_stone_brick_stairs": "brickstone",
	"minecraft:stone_stairs": "stone",
	"minecraft:smooth_sandstone_stairs": "sandstone",
	"minecraft:smooth_quartz_stairs": "marble",
	"minecraft:granite_stairs": "stone,ore",
	"minecraft:andesite_stairs": "stone",
	"minecraft:red_nether_brick_stairs": "brickstone",
	"minecraft:polished_andesite_stairs": "marble",
	"minecraft:diorite_stairs": "stone,ore",

	"minecraft:polished_granite_slab": "marble",
	"minecraft:smooth_red_sandstone_slab": "sandstone",
	"minecraft:mossy_stone_brick_slab": "brickstone",
	"minecraft:polished_diorite_slab": "marble,ore",
	"minecraft:mossy_cobblestone_slab": "stone",
	"minecraft:end_stone_brick_slab": "brickstone",
	"minecraft:smooth_sandstone_slab": "sandstone",
	"minecraft:smooth_quartz_slab": "marble",
	"minecraft:granite_slab": "stone,ore",
	"minecraft:andesite_slab": "stone",
	"minecraft:red_nether_brick_slab": "brickstone",
	"minecraft:polished_andesite_slab": "marble",
	"minecraft:diorite_slab": "stone,ore",

	"minecraft:blackstone": "stone",
	"minecraft:gilded_blackstone": "stone,ore",
	"minecraft:blackstone_slab": "stone",
	"minecraft:blackstone_stairs": "stone",
	"minecraft:blackstone_wall.bigger": "stone",

	"minecraft:polished_blackstone": "marble",
	"minecraft:chiseled_polished_blackstone": "marble",
	"minecraft:polished_blackstone_slab": "marble",
	"minecraft:polished_blackstone_stairs": "marble",
	"minecraft:polished_blackstone_button": "marble",
	"minecraft:polished_blackstone_pressure_plate": "marble",
	"minecraft:polished_blackstone_pressure_plate.carpet": "marble",
	"minecraft:polished_blackstone_wall.bigger": "marble",

	"minecraft:polished_blackstone_bricks": "brickstone",
	"minecraft:polished_blackstone_brick_slab": "brickstone",
	"minecraft:polished_blackstone_brick_stairs": "brickstone",
	"minecraft:polished_blackstone_brick_wall.bigger": "brickstone",
	"minecraft:cracked_polished_blackstone_bricks": "brickstone",

	"minecraft:scaffolding": "scaffold",

	"minecraft:iron_door": "metalsubparts",
	"#minecraft:wooden_doors": "bluntwood",

	"minecraft:repeater": "stoneutility",
	"minecraft:comparator": "stoneutility",
	"minecraft:composter": "bluntwood",

	"minecraft:wheat": "NOT_EMITTER",
	"minecraft:wheat.messy": "MESSY_GROUND",
	"minecraft:wheat[age=2].foliage": "brush",
	"minecraft:wheat[age=3].foliage": "brush",
	"minecraft:wheat[age=4].foliage": "brush_straw_transition",
	"minecraft:wheat[age=5].foliage": "brush_straw_transition",
	"minecraft:wheat[age=6].foliage": "straw",
	"minecraft:wheat[age=7].foliage": "straw",

	"#minecraft:standing_signs": "NOT_EMITTER",
	"#minecraft:all_hanging_signs": "bluntwood",

	"minecraft:sugar_cane": "NOT_EMITTER",
	"minecraft:sugar_cane.messy": "MESSY_GROUND",
	"minecraft:sugar_cane.foliage": "straw",

	"minecraft:dried_kelp_block": "leaves,straw",
	"minecraft:kelp": "leaves,mud",
	"minecraft:kelp_plant": "leaves,mud",
	"minecraft:bamboo": "squeakywood",
	"minecraft:bamboo[leaves=small].foliage": "straw",
	"minecraft:bamboo[leaves=large].foliage": "straw",
	"minecraft:bamboo_sapling": "NOT_EMITTER",
	"minecraft:cocoa": "organic_dry",
	
	"minecraft:bamboo_mosaic": "squeakywood",
	"minecraft:bamboo_block": "squeakywood",
	"minecraft:stripped_bamboo_block": "squeakywood",
	"minecraft:bamboo_planks": "squeakywood",
	"minecraft:bamboo_button": "squeakywood",
	"minecraft:bamboo_slab": "squeakywood",
	"minecraft:bamboo_mosaic_slab": "squeakywood",
	"minecraft:bamboo_stairs": "squeakywood",
	"minecraft:bamboo_mosaic_stairs": "squeakywood",

	"#candles": "brickstone",
	"minecraft:cake": "organic",
	"#candle_cakes": "organic",
	"#candle_cakes.foliage": "brickstone",

	"#minecraft:beds": "rug",

	"minecraft:nether_wart": "NOT_EMITTER",
	"minecraft:nether_wart.foliage": "organic,mushroom",
	"minecraft:nether_sprouts": "NOT_EMITTER",
	"minecraft:nether_sprouts.foliage": "organic,mushroom",
	"minecraft:brewing_stand": "metalbar",
	"minecraft:cauldron": "metalbar",
	"minecraft:water_cauldron": "metalbar,waterfine",
	"minecraft:lava_cauldron": "metalbar,waterfine",
	"minecraft:powder_snow_cauldron": "metalbar",
	"minecraft:chain": "chain",
	"minecraft:chain.foliage": "chain",

	"minecraft:potted_oxeye_daisy.foliage": "brush",

	"minecraft:potted_warped_roots.foliage": "mushroom",
	"minecraft:potted_crimson_roots.foliage": "mushroom",
	"minecraft:potted_warped_fungus.foliage": "mushroom",
	"minecraft:potted_crimson_fungus.foliage": "mushroom",

	"minecraft:potted_wither_rose.messy": "straw",
	"minecraft:potted_wither_rose.foliage": "brush",

	"minecraft:potted_cactus": "grass",
	"minecraft:potted_bamboo.foliage": "squeakywood",

	"#minecraft:flower_pots": "brickstone",
	"#minecraft:flower_pots.foliage": "straw",
	"#minecraft:flower_pots.foliage.messy": "MESSY_GROUND",

	"minecraft:carrots": "NOT_EMITTER",
	"minecraft:carrots.messy": "MESSY_GROUND",
	"minecraft:carrots[age=4].foliage": "brush",
	"minecraft:carrots[age=5].foliage": "brush",
	"minecraft:carrots[age=6].foliage": "brush",
	"minecraft:carrots[age=7].foliage": "brush",

	"minecraft:potatoes": "NOT_EMITTER",
	"minecraft:potatoes.messy": "MESSY_GROUND",
	"minecraft:potatoes[age=4].foliage": "brush",
	"minecraft:potatoes[age=5].foliage": "brush",
	"minecraft:potatoes[age=6].foliage": "brush",
	"minecraft:potatoes[age=7].foliage": "brush",

	"minecraft:skeleton_skull": "bone",
	"minecraft:wither_skeleton_skull": "bone",
	"minecraft:player_head": "organic_dry",
	"minecraft:piglin_head": "organic_dry",
	"minecraft:zombie_head": "organic",
	"minecraft:creeper_head": "organic_dry",
	"minecraft:dragon_head": "organic_dry",

	"minecraft:skeleton_wall_skull": "bone",
	"minecraft:wither_skeleton_wall_skull": "bone",
	"minecraft:player_wall_head": "organic_dry",
	"minecraft:piglin_wall_head": "organic_dry",
	"minecraft:zombie_wall_head": "organic",
	"minecraft:creeper_wall_head": "organic_dry",
	"minecraft:dragon_wall_head": "organic_dry",

	"minecraft:command_block": "woodutility",
	"minecraft:chain_command_block": "woodutility",
	"minecraft:repeating_command_block": "woodutility",
	"minecraft:structure_block": "stonemachine,organic_solid,glass",
	"minecraft:jigsaw": "stonemachine,organic_solid,glass",

	"#minecraft:banners": "rug,straw,squeakywood",
	"#minecraft:banners.foliage": "rug,straw,squeakywood",

	"minecraft:beetroots": "NOT_EMITTER",
	"minecraft:beetroots.messy": "MESSY_GROUND",
	"minecraft:beetroots[age=3].foliage": "brush",

	"minecraft:loom": "wood",
	"minecraft:barrel": "squeakywood",
	"minecraft:cartography_table": "wood",
	"minecraft:fletching_table": "wood",
	"minecraft:smoker": "stoneutility",
	"minecraft:blast_furnace": "stoneutility",
	"minecraft:grindstone": "marble,hardmetal",
	"minecraft:smithing_table": "wood",
	"minecraft:lectern": "woodutility",
	"minecraft:stonecutter": "stone",
	"minecraft:bell": "metalbar",

	"minecraft:lantern": "UNASSIGNED",
	"minecraft:soul_lantern": "UNASSIGNED",

	"minecraft:campfire[lit=false]": "wood",
	"minecraft:campfire": "wood,magma",
	"minecraft:soul_campfire[lit=false]": "wood",
	"minecraft:soul_campfire": "wood,magma",

	"minecraft:sweet_berry_bush": "NOT_EMITTER",
	"minecraft:sweet_berry_bush.messy": "straw",
	"minecraft:sweet_berry_bush.foliage": "brush",

	"minecraft:weeping_vines": "mushroom",
	"minecraft:weeping_vines.foliage": "mushroom",
	"minecraft:weeping_vines_plant": "mushroom",
	"minecraft:weeping_vines_plant.foliage": "mushroom",
	"minecraft:twisting_vines": "leaves,mushroom",
	"minecraft:twisting_vines.foliage": "mushroom",
	"minecraft:twisting_vines_plant": "mushroom",
	"minecraft:twisting_vines_plant.foliage": "mushroom",

	"minecraft:crimson_fungus": "NOT_EMITTER",
	"minecraft:crimson_fungus.foliage": "mushroom",
	"minecraft:warped_fungus": "NOT_EMITTER",
	"minecraft:warped_fungus.foliage": "mushroom",
	"minecraft:crimson_roots": "NOT_EMITTER",
	"minecraft:crimson_roots.foliage": "mushroom",
	"minecraft:warped_roots": "NOT_EMITTER",
	"minecraft:warped_roots.foliage": "mushroom",

	"minecraft:crimson_button[face=floor].foliage": "wood,mushroom",
	"minecraft:crimson_button": "NOT_EMITTER",
	"minecraft:warped_button[face=floor].foliage": "wood,mushroom",
	"minecraft:warped_button": "NOT_EMITTER",
	
	"minecraft:crimson_fence_gate.bigger": "bluntwood,mushroom",
	"minecraft:warped_fence_gate.bigger": "bluntwood,mushroom",
	"minecraft:crimson_fence.bigger": "bluntwood,mushroom",
	"minecraft:warped_fence.bigger": "bluntwood,mushroom",
	"minecraft:crimson_pressure_plate": "wood,mushroom",
	"minecraft:warped_pressure_plate": "wood,mushroom",
	"minecraft:crimson_pressure_plate.carpet": "wood,mushroom",
	"minecraft:warped_pressure_plate.carpet": "wood,mushroom",
	
	"minecraft:crimson_planks": "wood,mushroom",
	"minecraft:warped_planks": "wood,mushroom",
	"minecraft:crimson_slab": "wood,mushroom",
	"minecraft:warped_slab": "wood,mushroom",
	
	"minecraft:shroomlight": "organic,mushroom",
	
	"minecraft:crimson_trapdoor": "bluntwood,mushroom",
	"minecraft:warped_trapdoor": "bluntwood,mushroom",
	
	"minecraft:crimson_door": "bluntwood,mushroom",
	"minecraft:warped_door": "bluntwood,mushroom",

	"minecraft:basalt": "crumblystone",
	"minecraft:polished_basalt": "marble,crumblystone",
	"minecraft:smooth_basalt": "marble,crumblystone",
	"minecraft:soul_soil": "souls",
	"minecraft:lodestone": "stonemachine",
	"minecraft:target": "leaves",
	"minecraft:ancient_debris": "hardsteel,stone",

	"minecraft:tuff": "stone",
	"minecraft:calcite": "marble,stone",

	"#minecraft:nylium": "mud,slick",
	"minecraft:stripped_warped_stem": "organic_dry,mushroom,stone",
	"minecraft:stripped_warped_hyphae": "organic_dry,mushroom,stone",
	"#minecraft:warped_stems": "organic_dry,wood_sticky,mushroom",
	
	"minecraft:stripped_crimson_stem": "organic_dry,mushroom,stone",
	"minecraft:stripped_crimson_hyphae": "organic_dry,mushroom,stone",
	"#minecraft:crimson_stems": "organic_dry,wood_sticky,mushroom"
}
