{
	"credit": "Made with Blockbench by EnderLanky",
	"gui_light": "front",
	"textures": {
		"0": "block/glass",
		"1": "block/gold_block",
		"9": "forgeendertech:block/leather_light",
		"10": "block/white_wool",
		"11": "block/green_wool",
		"particle": "forgeendertech:block/leather_light"
	},
	"elements": [
		{
			"name": "top",
			"from": [1, 15, 1],
			"to": [15, 18, 6],
			"faces": {
				"north": {"uv": [0, 0, 14, 3], "texture": "#9"},
				"east": {"uv": [0, 0, 5, 3], "texture": "#9"},
				"south": {"uv": [0, 0, 14, 3], "texture": "#9"},
				"west": {"uv": [0, 0, 5, 3], "texture": "#9"},
				"up": {"uv": [0, 0, 14, 5], "texture": "#9", "cullface": "up"},
				"down": {"uv": [0, 0, 14, 5], "texture": "#9"}
			}
		},
		{
			"name": "center",
			"from": [7, 9, 1],
			"to": [9, 15, 2],
			"faces": {
				"north": {"uv": [0, 0, 2, 6], "texture": "#9"},
				"south": {"uv": [0, 0, 2, 6], "texture": "#9"}
			}
		},
		{
			"name": "left",
			"from": [14, 9, 1],
			"to": [15, 15, 5],
			"faces": {
				"north": {"uv": [0, 0, 1, 6], "texture": "#9"},
				"east": {"uv": [0, 0, 4, 6], "texture": "#9"},
				"south": {"uv": [0, 0, 1, 6], "texture": "#9"},
				"west": {"uv": [0, 0, 4, 6], "texture": "#9"}
			}
		},
		{
			"name": "right",
			"from": [1, 9, 1],
			"to": [2, 15, 5],
			"faces": {
				"north": {"uv": [0, 0, 1, 6], "texture": "#9"},
				"east": {"uv": [0, 0, 4, 6], "texture": "#9"},
				"south": {"uv": [0, 0, 1, 6], "texture": "#9"},
				"west": {"uv": [0, 0, 4, 6], "texture": "#9"}
			}
		},
		{
			"name": "bottom",
			"from": [1, 7, 0],
			"to": [15, 9, 5],
			"faces": {
				"north": {"uv": [0, 0, 14, 2], "texture": "#9", "cullface": "north"},
				"east": {"uv": [0, 0, 5, 2], "texture": "#9"},
				"south": {"uv": [0, 0, 14, 2], "texture": "#9"},
				"west": {"uv": [0, 0, 5, 2], "texture": "#9"},
				"up": {"uv": [0, 0, 14, 5], "texture": "#9"}
			}
		},
		{
			"name": "left",
			"from": [14, 10, 5],
			"to": [15, 12, 17],
			"faces": {
				"east": {"uv": [0, 0, 12, 2], "texture": "#9"},
				"south": {"uv": [0, 0, 1, 2], "texture": "#9", "cullface": "south"},
				"west": {"uv": [0, 0, 12, 2], "texture": "#9"},
				"up": {"uv": [0, 0, 1, 12], "texture": "#9"},
				"down": {"uv": [0, 0, 1, 12], "texture": "#9"}
			}
		},
		{
			"name": "right",
			"from": [1, 10, 5],
			"to": [2, 12, 17],
			"faces": {
				"east": {"uv": [0, 0, 12, 2], "texture": "#9"},
				"south": {"uv": [0, 0, 1, 2], "texture": "#9", "cullface": "south"},
				"west": {"uv": [0, 0, 12, 2], "texture": "#9"},
				"up": {"uv": [0, 0, 1, 12], "texture": "#9"},
				"down": {"uv": [0, 0, 1, 12], "texture": "#9"}
			}
		},
		{
			"name": "rear",
			"from": [2, 10, 16],
			"to": [14, 12, 17],
			"faces": {
				"north": {"uv": [0, 0, 12, 2], "texture": "#9", "cullface": "south"},
				"south": {"uv": [0, 0, 12, 2], "texture": "#9", "cullface": "south"},
				"up": {"uv": [0, 0, 12, 1], "texture": "#9", "cullface": "south"},
				"down": {"uv": [0, 0, 12, 1], "texture": "#9", "cullface": "south"}
			}
		},
		{
			"name": "top",
			"from": [1, 5, 0],
			"to": [15, 7, 6],
			"faces": {
				"north": {"uv": [1, 9, 15, 11], "texture": "#10", "cullface": "north"},
				"east": {"uv": [16, 11, 10, 9], "rotation": 180, "texture": "#10"},
				"south": {"uv": [1, 9, 15, 11], "texture": "#10"},
				"west": {"uv": [0, 9, 6, 11], "texture": "#10"},
				"up": {"uv": [1, 0, 15, 6], "texture": "#10"}
			}
		},
		{
			"name": "center",
			"from": [0, 2, -1],
			"to": [16, 6, 7],
			"faces": {
				"north": {"uv": [0, 10, 16, 14], "texture": "#10", "cullface": "north"},
				"east": {"uv": [16, 14, 9, 10], "rotation": 180, "texture": "#10", "cullface": "east"},
				"south": {"uv": [0, 10, 16, 14], "texture": "#10"},
				"west": {"uv": [0, 10, 7, 14], "texture": "#10", "cullface": "west"},
				"up": {"uv": [0, 0, 16, 7], "texture": "#10"},
				"down": {"uv": [0, 9, 16, 16], "texture": "#10"}
			}
		},
		{
			"name": "bottom",
			"from": [1, 1, 0],
			"to": [15, 3, 6],
			"faces": {
				"north": {"uv": [1, 13, 15, 15], "texture": "#10", "cullface": "north"},
				"east": {"uv": [16, 15, 10, 13], "rotation": 180, "texture": "#10"},
				"south": {"uv": [1, 13, 15, 15], "texture": "#10"},
				"west": {"uv": [0, 13, 6, 15], "texture": "#10"},
				"down": {"uv": [1, 10, 15, 16], "texture": "#10"}
			}
		},
		{
			"name": "front",
			"from": [6, 3, -4],
			"to": [10, 5, -3],
			"faces": {
				"north": {"uv": [0, 0, 4, 2], "texture": "#1", "cullface": "north"},
				"east": {"uv": [0, 0, 1, 2], "rotation": 180, "texture": "#1", "cullface": "north"},
				"west": {"uv": [0, 0, 1, 2], "texture": "#1", "cullface": "north"},
				"up": {"uv": [0, 0, 4, 1], "texture": "#1", "cullface": "north"},
				"down": {"uv": [0, 0, 4, 1], "texture": "#1", "cullface": "north"}
			}
		},
		{
			"name": "eye right",
			"from": [2, 9, 0],
			"to": [7, 15, 1],
			"faces": {
				"north": {"uv": [9, 1, 14, 7], "texture": "#0"},
				"east": {"uv": [16, 7, 15, 1], "texture": "#0"},
				"south": {"uv": [2, 1, 7, 7], "texture": "#0"},
				"west": {"uv": [0, 1, 1, 7], "texture": "#0"},
				"up": {"uv": [2, 0, 7, 1], "texture": "#0"}
			}
		},
		{
			"name": "eye left",
			"from": [9, 9, 0],
			"to": [14, 15, 1],
			"faces": {
				"north": {"uv": [2, 1, 7, 7], "texture": "#0"},
				"east": {"uv": [16, 7, 15, 1], "texture": "#0"},
				"south": {"uv": [9, 1, 14, 7], "texture": "#0"},
				"west": {"uv": [0, 1, 1, 7], "texture": "#0"},
				"up": {"uv": [9, 0, 14, 1], "texture": "#0"}
			}
		},
		{
			"name": "top",
			"from": [5, 7, -1],
			"to": [11, 8, 0],
			"faces": {
				"north": {"uv": [0, 0, 6, 1], "texture": "#11", "cullface": "north"},
				"east": {"uv": [0, 0, 1, 1], "rotation": 180, "texture": "#11", "cullface": "north"},
				"west": {"uv": [0, 0, 1, 1], "texture": "#11", "cullface": "north"},
				"up": {"uv": [0, 0, 6, 1], "texture": "#11", "cullface": "north"}
			}
		},
		{
			"name": "big",
			"from": [4, 1, -2],
			"to": [12, 7, 0],
			"faces": {
				"north": {"uv": [0, 0, 8, 6], "texture": "#11", "cullface": "north"},
				"east": {"uv": [0, 0, 2, 6], "rotation": 180, "texture": "#11", "cullface": "north"},
				"west": {"uv": [0, 0, 2, 6], "texture": "#11", "cullface": "north"},
				"up": {"uv": [0, 0, 8, 2], "texture": "#11", "cullface": "north"},
				"down": {"uv": [0, 0, 8, 2], "texture": "#11", "cullface": "north"}
			}
		},
		{
			"name": "bottom",
			"from": [5, 0, -1],
			"to": [11, 1, 2],
			"faces": {
				"north": {"uv": [0, 0, 6, 1], "texture": "#11", "cullface": "north"},
				"east": {"uv": [0, 0, 3, 1], "rotation": 180, "texture": "#11"},
				"south": {"uv": [0, 0, 6, 1], "texture": "#11"},
				"west": {"uv": [0, 0, 3, 1], "texture": "#11"},
				"down": {"uv": [0, 0, 6, 3], "texture": "#11", "cullface": "down"}
			}
		},
		{
			"name": "mid",
			"from": [5, 2, -3],
			"to": [11, 6, -2],
			"faces": {
				"north": {"uv": [0, 0, 6, 4], "texture": "#11", "cullface": "north"},
				"east": {"uv": [0, 0, 1, 4], "rotation": 180, "texture": "#11", "cullface": "north"},
				"west": {"uv": [0, 0, 1, 4], "texture": "#11", "cullface": "north"},
				"up": {"uv": [0, 0, 6, 1], "texture": "#11", "cullface": "north"},
				"down": {"uv": [0, 0, 6, 1], "texture": "#11", "cullface": "north"}
			}
		}
	],
	"display": {
		"thirdperson_righthand": {
			"rotation": [0, 90, -55],
			"translation": [0, 2, -2],
			"scale": [0.55, 0.55, 0.55]
		},
		"thirdperson_lefthand": {
			"rotation": [0, 90, -55],
			"translation": [0, 4, 1],
			"scale": [0.55, 0.55, 0.55]
		},
		"firstperson_righthand": {
			"rotation": [-135, 90, 25],
			"translation": [5.5, 2, 0],
			"scale": [0.55, 0.55, 0.55]
		},
		"firstperson_lefthand": {
			"rotation": [-135, 90, 25],
			"translation": [5.5, 2, 0],
			"scale": [0.55, 0.55, 0.55]
		},
		"ground": {
			"translation": [0, 2, 0],
			"scale": [0.5, 0.5, 0.5]
		},
		"gui": {
			"rotation": [0, 180, 0],
			"translation": [0, -1, 0],
			"scale": [0.625, 0.625, 0.625]
		},
		"head": {
			"translation": [0, -3, -2]
		},
		"fixed": {
			"translation": [0, -1.5, 3]
		}
	},
	"groups": [
		{
			"name": "leather",
			"children": [0, 1, 2, 3, 4,
				{
					"name": "strapes",
					"children": [5, 6, 7]
				}
			]
		},
		{
			"name": "wool",
			"children": [8, 9, 10, 11]
		},
		{
			"name": "glass",
			"children": [12, 13]
		},
		{
			"name": "filter",
			"children": [14, 15, 16, 17]
		}
	]
}