{
	"credit": "Made with Blockbench by EnderLanky",
	"gui_light": "front",
	"textures": {
		"0": "block/iron_block",
		"1": "block/hopper_inside",
		"2": "block/gold_block",
		"3": "block/redstone_block",
		"particle": "block/gold_block"
	},
	"elements": [
		{
			"name": "hole",
			"from": [6, 3, 5],
			"to": [9, 5, 6],
			"faces": {
				"north": {"uv": [7, 11, 10, 13], "texture": "#1"},
				"east": {"uv": [10, 11, 11, 13], "texture": "#1", "rotation": 180},
				"south": {"uv": [6, 11, 9, 13], "texture": "#1"},
				"west": {"uv": [5, 11, 6, 13], "texture": "#1"},
				"up": {"uv": [6, 5, 9, 6], "texture": "#1"},
				"down": {"uv": [6, 10, 9, 11], "texture": "#1"}
			}
		},
		{
			"name": "tube",
			"from": [6, 3, 8],
			"to": [9, 5, 16],
			"faces": {
				"north": {"uv": [7, 11, 10, 13], "texture": "#0"},
				"east": {"uv": [0, 11, 8, 13], "texture": "#0", "rotation": 180},
				"south": {"uv": [6, 11, 9, 13], "texture": "#0"},
				"west": {"uv": [8, 11, 16, 13], "texture": "#0"},
				"up": {"uv": [6, 8, 9, 16], "texture": "#0"},
				"down": {"uv": [6, 0, 9, 8], "texture": "#0"}
			}
		},
		{
			"name": "handle",
			"from": [6, 0, 7],
			"to": [8, 3, 8],
			"faces": {
				"north": {"uv": [8, 13, 10, 16], "texture": "#0"},
				"east": {"uv": [8, 13, 9, 16], "texture": "#0"},
				"south": {"uv": [6, 13, 8, 16], "texture": "#0"},
				"west": {"uv": [7, 13, 8, 16], "texture": "#0"},
				"up": {"uv": [6, 7, 8, 8], "texture": "#0"},
				"down": {"uv": [6, 8, 8, 9], "texture": "#0"}
			}
		},
		{
			"from": [4, 6, 0],
			"to": [11, 7, 2],
			"faces": {
				"north": {"uv": [5, 9, 12, 10], "texture": "#2"},
				"east": {"uv": [14, 10, 16, 11], "texture": "#2", "rotation": 180},
				"south": {"uv": [5, 9, 12, 10], "texture": "#2"},
				"west": {"uv": [0, 9, 2, 10], "texture": "#2"},
				"up": {"uv": [5, 0, 12, 2], "texture": "#2"},
				"down": {"uv": [5, 14, 12, 16], "texture": "#2"}
			}
		},
		{
			"from": [11, 2, 0],
			"to": [12, 6, 2],
			"faces": {
				"north": {"uv": [4, 10, 5, 14], "texture": "#2"},
				"east": {"uv": [16, 14, 14, 10], "texture": "#2", "rotation": 180},
				"south": {"uv": [11, 10, 12, 14], "texture": "#2"},
				"west": {"uv": [0, 10, 2, 14], "texture": "#2"},
				"up": {"uv": [11, 0, 12, 2], "texture": "#2"},
				"down": {"uv": [11, 14, 12, 16], "texture": "#2"}
			}
		},
		{
			"from": [4, 1, 0],
			"to": [11, 2, 2],
			"faces": {
				"north": {"uv": [5, 14, 12, 15], "texture": "#2"},
				"east": {"uv": [14, 15, 16, 16], "texture": "#2", "rotation": 180},
				"south": {"uv": [5, 14, 12, 15], "texture": "#2"},
				"west": {"uv": [0, 14, 2, 15], "texture": "#2"},
				"up": {"uv": [5, 0, 12, 2], "texture": "#2"},
				"down": {"uv": [5, 14, 12, 16], "texture": "#2"}
			}
		},
		{
			"from": [3, 2, 0],
			"to": [4, 6, 2],
			"faces": {
				"north": {"uv": [11, 10, 12, 14], "texture": "#2"},
				"east": {"uv": [14, 12, 16, 16], "texture": "#2", "rotation": 180},
				"south": {"uv": [4, 10, 5, 14], "texture": "#2"},
				"west": {"uv": [0, 10, 2, 14], "texture": "#2"},
				"up": {"uv": [4, 0, 5, 2], "texture": "#2"},
				"down": {"uv": [4, 14, 5, 16], "texture": "#2"}
			}
		},
		{
			"from": [5, 5, 2],
			"to": [10, 6, 4],
			"faces": {
				"north": {"uv": [6, 10, 11, 11], "texture": "#2"},
				"east": {"uv": [14, 11, 16, 12], "texture": "#2", "rotation": 180},
				"south": {"uv": [6, 10, 11, 11], "texture": "#2"},
				"west": {"uv": [2, 10, 4, 11], "texture": "#2"},
				"up": {"uv": [6, 2, 11, 4], "texture": "#2"},
				"down": {"uv": [6, 12, 11, 14], "texture": "#2"}
			}
		},
		{
			"from": [10, 2, 2],
			"to": [11, 6, 4],
			"faces": {
				"north": {"uv": [5, 10, 6, 14], "texture": "#2"},
				"east": {"uv": [14, 14, 12, 10], "texture": "#2", "rotation": 180},
				"south": {"uv": [10, 10, 11, 14], "texture": "#2"},
				"west": {"uv": [2, 10, 4, 14], "texture": "#2"},
				"up": {"uv": [10, 2, 11, 4], "texture": "#2"},
				"down": {"uv": [10, 12, 11, 14], "texture": "#2"}
			}
		},
		{
			"from": [5, 2, 2],
			"to": [10, 3, 4],
			"faces": {
				"north": {"uv": [6, 13, 11, 14], "texture": "#2"},
				"east": {"uv": [14, 14, 16, 15], "texture": "#2", "rotation": 180},
				"south": {"uv": [6, 13, 11, 14], "texture": "#2"},
				"west": {"uv": [2, 13, 4, 14], "texture": "#2"},
				"up": {"uv": [6, 2, 11, 4], "texture": "#2"},
				"down": {"uv": [6, 12, 11, 14], "texture": "#2"}
			}
		},
		{
			"from": [4, 2, 2],
			"to": [5, 6, 4],
			"faces": {
				"north": {"uv": [10, 10, 11, 14], "texture": "#2"},
				"east": {"uv": [14, 12, 16, 16], "texture": "#2", "rotation": 180},
				"south": {"uv": [5, 10, 6, 14], "texture": "#2"},
				"west": {"uv": [2, 10, 4, 14], "texture": "#2"},
				"up": {"uv": [5, 2, 6, 4], "texture": "#2"},
				"down": {"uv": [5, 12, 6, 14], "texture": "#2"}
			}
		},
		{
			"from": [6, 5, 4],
			"to": [9, 6, 6],
			"faces": {
				"north": {"uv": [7, 10, 10, 11], "texture": "#2"},
				"east": {"uv": [12, 11, 14, 12], "texture": "#2", "rotation": 180},
				"south": {"uv": [7, 10, 10, 11], "texture": "#2"},
				"west": {"uv": [4, 10, 6, 11], "texture": "#2"},
				"up": {"uv": [7, 4, 10, 6], "texture": "#2"},
				"down": {"uv": [7, 10, 10, 12], "texture": "#2"}
			}
		},
		{
			"from": [9, 3, 4],
			"to": [10, 5, 6],
			"faces": {
				"north": {"uv": [6, 11, 7, 13], "texture": "#2"},
				"east": {"uv": [12, 13, 10, 11], "texture": "#2", "rotation": 180},
				"south": {"uv": [9, 11, 10, 13], "texture": "#2"},
				"west": {"uv": [4, 11, 6, 13], "texture": "#2"},
				"up": {"uv": [9, 4, 10, 6], "texture": "#2"},
				"down": {"uv": [9, 10, 10, 12], "texture": "#2"}
			}
		},
		{
			"from": [6, 2, 4],
			"to": [9, 3, 6],
			"faces": {
				"north": {"uv": [7, 13, 10, 14], "texture": "#2"},
				"east": {"uv": [12, 14, 14, 15], "texture": "#2", "rotation": 180},
				"south": {"uv": [7, 13, 10, 14], "texture": "#2"},
				"west": {"uv": [4, 13, 6, 14], "texture": "#2"},
				"up": {"uv": [7, 4, 10, 6], "texture": "#2"},
				"down": {"uv": [7, 10, 10, 12], "texture": "#2"}
			}
		},
		{
			"from": [5, 3, 4],
			"to": [6, 5, 6],
			"faces": {
				"north": {"uv": [9, 11, 10, 13], "texture": "#2"},
				"east": {"uv": [12, 13, 14, 15], "texture": "#2", "rotation": 180},
				"south": {"uv": [6, 11, 7, 13], "texture": "#2"},
				"west": {"uv": [4, 11, 6, 13], "texture": "#2"},
				"up": {"uv": [6, 4, 7, 6], "texture": "#2"},
				"down": {"uv": [6, 10, 7, 12], "texture": "#2"}
			}
		},
		{
			"name": "end",
			"from": [6, 3, 6],
			"to": [9, 5, 8],
			"faces": {
				"north": {"uv": [7, 11, 10, 13], "texture": "#2"},
				"east": {"uv": [8, 11, 10, 13], "texture": "#2", "rotation": 180},
				"south": {"uv": [6, 11, 9, 13], "texture": "#2"},
				"west": {"uv": [6, 11, 8, 13], "texture": "#2"},
				"up": {"uv": [6, 6, 9, 8], "texture": "#2"},
				"down": {"uv": [6, 8, 9, 10], "texture": "#2"}
			}
		},
		{
			"from": [7, 5, 8],
			"to": [8, 6, 10],
			"faces": {
				"north": {"uv": [8, 10, 9, 11], "texture": "#3"},
				"east": {"uv": [6, 10, 8, 11], "texture": "#3"},
				"south": {"uv": [7, 10, 8, 11], "texture": "#3"},
				"west": {"uv": [8, 10, 10, 11], "texture": "#3"},
				"up": {"uv": [7, 8, 8, 10], "texture": "#3"},
				"down": {"uv": [7, 6, 8, 8], "texture": "#3"}
			}
		},
		{
			"from": [7, 5, 12],
			"to": [8, 6, 13],
			"faces": {
				"north": {"uv": [8, 10, 9, 11], "texture": "#3"},
				"east": {"uv": [3, 10, 4, 11], "texture": "#3"},
				"south": {"uv": [7, 10, 8, 11], "texture": "#3"},
				"west": {"uv": [12, 10, 13, 11], "texture": "#3"},
				"up": {"uv": [7, 12, 8, 13], "texture": "#3"},
				"down": {"uv": [7, 3, 8, 4], "texture": "#3"}
			}
		}
	],
	"display": {
		"thirdperson_righthand": {
			"translation": [0, 5, 0]
		},
		"gui": {
			"scale": [0.8, 0.8, 0.8],
			"translation": [0.5, 0, 0],
			"rotation": [90, 0, 0]
		},
		"fixed": {
			"rotation": [90, 0, 180],
			"translation": [-0.5, 0, -7]
		},
		"ground": {
			"scale": [0.5, 0.5, 0.5],
			"rotation": [0, 0, 0],
			"translation": [0, 2, 0]
		},
		"firstperson_lefthand": {
			"translation": [4.5, 5, 1.5]
		},
		"firstperson_righthand": {
			"translation": [4.5, 5, 1.5]
		},
		"thirdperson_lefthand": {
			"translation": [-1, 5, 0]
		}
	},
	"groups": [0, 1, 2,
		{
			"name": "funnel",
			"isOpen": true,
			"shade": true,
			"display": {
				"visibility": true,
				"autouv": 2
			},
			"children": [
				{
					"name": "ring big",
					"isOpen": false,
					"shade": true,
					"display": {
						"visibility": true,
						"autouv": 2
					},
					"children": [3, 4, 5, 6]
				},
				{
					"name": "ring medium",
					"isOpen": false,
					"shade": true,
					"display": {
						"visibility": true,
						"autouv": 2
					},
					"children": [7, 8, 9, 10]
				},
				{
					"name": "ring small",
					"isOpen": false,
					"shade": true,
					"display": {
						"visibility": true,
						"autouv": 2
					},
					"children": [11, 12, 13, 14]
				}, 15]
		},
		{
			"name": "buttons",
			"isOpen": true,
			"shade": true,
			"display": {
				"visibility": true,
				"autouv": 2
			},
			"children": [16, 17]
		}
	]
}