{
	"credit": "Made with Blockbench by EnderLanky",
	"gui_light": "front",
	"textures": {
		"0": "forgeendertech:block/leather_dark",
		"1": "forgeendertech:block/leather_light",
		"2": "block/white_wool",
		"3": "block/slime_block",
		"4": "block/gold_block",
		"particle": "forgeendertech:block/leather_light"
	},
	"elements": [
		{
			"name": "hole",
			"from": [7, -3, 21],
			"to": [9, -1, 22],
			"faces": {
				"north": {"uv": [0, 0, 2, 2], "texture": "#3"},
				"east": {"uv": [0, 0, 1, 2], "texture": "#3"},
				"south": {"uv": [0, 0, 2, 2], "texture": "#3"},
				"west": {"uv": [0, 0, 1, 2], "texture": "#3"},
				"up": {"uv": [0, 0, 2, 1], "texture": "#3"},
				"down": {"uv": [0, 0, 2, 1], "texture": "#3"}
			}
		},
		{
			"name": "lock",
			"from": [7, 0, 21],
			"to": [9, 1, 22],
			"faces": {
				"north": {"uv": [0, 0, 2, 1], "texture": "#4"},
				"east": {"uv": [0, 0, 1, 1], "texture": "#4"},
				"south": {"uv": [0, 0, 2, 1], "texture": "#4"},
				"west": {"uv": [0, 0, 1, 1], "texture": "#4"},
				"up": {"uv": [0, 0, 2, 1], "texture": "#4"}
			}
		},
		{
			"name": "clasp back",
			"from": [6, -14, 21],
			"to": [10, -10, 23],
			"faces": {
				"east": {"uv": [0, 0, 2, 4], "texture": "#4"},
				"south": {"uv": [0, 0, 4, 4], "texture": "#4"},
				"west": {"uv": [0, 0, 2, 4], "texture": "#4"},
				"up": {"uv": [0, 0, 4, 2], "texture": "#4"},
				"down": {"uv": [0, 0, 4, 2], "texture": "#4"}
			}
		},
		{
			"name": "clasp front",
			"from": [6, -14, 2],
			"to": [10, -11, 3],
			"faces": {
				"north": {"uv": [0, 0, 4, 3], "texture": "#4"},
				"east": {"uv": [0, 0, 1, 3], "texture": "#4"},
				"west": {"uv": [0, 0, 1, 3], "texture": "#4"},
				"up": {"uv": [0, 0, 4, 1], "texture": "#4"},
				"down": {"uv": [0, 0, 4, 1], "texture": "#4"}
			}
		},
		{
			"from": [6, -7, 18],
			"to": [10, -3, 19],
			"faces": {
				"east": {"uv": [0, 0, 1, 4], "texture": "#0"},
				"south": {"uv": [0, 0, 4, 4], "texture": "#0"},
				"west": {"uv": [0, 0, 1, 4], "texture": "#0"}
			}
		},
		{
			"from": [10, -14, 21],
			"to": [11, -10, 22],
			"faces": {
				"east": {"uv": [0, 0, 1, 4], "texture": "#0"},
				"south": {"uv": [0, 0, 1, 4], "texture": "#0"},
				"up": {"uv": [0, 0, 1, 1], "texture": "#0"},
				"down": {"uv": [0, 0, 1, 1], "texture": "#0"}
			}
		},
		{
			"from": [6, -15, 21],
			"to": [10, -14, 22],
			"faces": {
				"east": {"uv": [0, 0, 1, 1], "texture": "#0"},
				"south": {"uv": [0, 0, 4, 1], "texture": "#0"},
				"west": {"uv": [0, 0, 1, 1], "texture": "#0"},
				"down": {"uv": [0, 0, 4, 1], "texture": "#0"}
			}
		},
		{
			"from": [5, -14, 21],
			"to": [6, -10, 22],
			"faces": {
				"south": {"uv": [0, 0, 1, 4], "texture": "#0"},
				"west": {"uv": [0, 0, 1, 4], "texture": "#0"},
				"up": {"uv": [0, 0, 1, 1], "texture": "#0"},
				"down": {"uv": [0, 0, 1, 1], "texture": "#0"}
			}
		},
		{
			"from": [6, -10, 21],
			"to": [10, -8, 22],
			"faces": {
				"east": {"uv": [0, 0, 1, 2], "texture": "#0"},
				"south": {"uv": [0, 0, 4, 2], "texture": "#0"},
				"west": {"uv": [0, 0, 1, 2], "texture": "#0"},
				"up": {"uv": [0, 0, 4, 1], "texture": "#0"}
			}
		},
		{
			"from": [6, -7, 19],
			"to": [10, -6, 20],
			"faces": {
				"east": {"uv": [0, 0, 1, 1], "texture": "#0"},
				"south": {"uv": [0, 0, 4, 1], "texture": "#0"},
				"west": {"uv": [0, 0, 1, 1], "texture": "#0"},
				"up": {"uv": [0, 0, 4, 1], "texture": "#0"}
			}
		},
		{
			"from": [6, -8, 20],
			"to": [10, -7, 21],
			"faces": {
				"east": {"uv": [0, 0, 1, 1], "texture": "#0"},
				"south": {"uv": [0, 0, 4, 1], "texture": "#0"},
				"west": {"uv": [0, 0, 1, 1], "texture": "#0"},
				"up": {"uv": [0, 0, 4, 1], "texture": "#0"}
			}
		},
		{
			"from": [9, -11, 3],
			"to": [11, -9, 4],
			"faces": {
				"north": {"uv": [3, 0, 0, 1], "texture": "#0"},
				"east": {"uv": [1, 0, 0, 1], "texture": "#0"},
				"south": {"uv": [3, 0, 0, 1], "texture": "#0"},
				"west": {"uv": [1, 0, 0, 1], "texture": "#0"},
				"up": {"uv": [0, 0, 2, 1], "texture": "#0"}
			}
		},
		{
			"from": [8, -9, 3],
			"to": [11, -7, 4],
			"faces": {
				"north": {"uv": [3, 0, 0, 2], "texture": "#0"},
				"east": {"uv": [1, 0, 0, 2], "texture": "#0"},
				"south": {"uv": [3, 0, 0, 2], "texture": "#0"},
				"west": {"uv": [1, 0, 0, 2], "texture": "#0"},
				"up": {"uv": [0, 0, 3, 1], "texture": "#0"},
				"down": {"uv": [3, 0, 0, 1], "texture": "#0"}
			}
		},
		{
			"from": [10, -5, 3],
			"to": [13, -3, 4],
			"faces": {
				"north": {"uv": [3, 0, 0, 2], "texture": "#0"},
				"east": {"uv": [1, 0, 0, 2], "texture": "#0"},
				"south": {"uv": [3, 0, 0, 2], "texture": "#0"},
				"west": {"uv": [1, 0, 0, 2], "texture": "#0"},
				"up": {"uv": [0, 0, 3, 1], "texture": "#0"},
				"down": {"uv": [3, 0, 0, 1], "texture": "#0"}
			}
		},
		{
			"from": [9, -7, 3],
			"to": [12, -5, 4],
			"faces": {
				"north": {"uv": [3, 0, 0, 1], "texture": "#0"},
				"east": {"uv": [1, 0, 0, 1], "texture": "#0"},
				"south": {"uv": [3, 0, 0, 1], "texture": "#0"},
				"west": {"uv": [1, 0, 0, 1], "texture": "#0"},
				"up": {"uv": [0, 0, 3, 1], "texture": "#0"},
				"down": {"uv": [3, 0, 0, 1], "texture": "#0"}
			}
		},
		{
			"from": [11, -3, 3],
			"to": [14, 1, 4],
			"faces": {
				"north": {"uv": [3, 0, 0, 2], "texture": "#0"},
				"east": {"uv": [1, 0, 0, 4], "texture": "#0"},
				"south": {"uv": [3, 0, 0, 4], "texture": "#0"},
				"west": {"uv": [1, 0, 0, 4], "texture": "#0"},
				"up": {"uv": [0, 0, 3, 1], "texture": "#0"},
				"down": {"uv": [3, 0, 0, 1], "texture": "#0"}
			}
		},
		{
			"from": [11, 0, 11],
			"to": [14, 1, 12],
			"faces": {
				"north": {"uv": [5, 0, 0, 2], "texture": "#0"},
				"east": {"uv": [1, 0, 0, 2], "texture": "#0"},
				"south": {"uv": [5, 0, 0, 2], "texture": "#0"},
				"west": {"uv": [1, 0, 0, 2], "texture": "#0"},
				"up": {"uv": [0, 0, 3, 1], "texture": "#0"},
				"down": {"uv": [5, 0, 0, 1], "texture": "#0"}
			}
		},
		{
			"from": [11, 1, 4],
			"to": [14, 2, 12],
			"faces": {
				"north": {"uv": [3, 0, 0, 1], "texture": "#0"},
				"east": {"uv": [8, 0, 0, 1], "texture": "#0"},
				"south": {"uv": [3, 0, 0, 1], "texture": "#0"},
				"west": {"uv": [8, 0, 0, 1], "texture": "#0"},
				"up": {"uv": [0, 0, 3, 8], "texture": "#0"},
				"down": {"uv": [3, 0, 0, 8], "texture": "#0"}
			}
		},
		{
			"from": [5, -11, 3],
			"to": [7, -9, 4],
			"faces": {
				"north": {"uv": [0, 0, 3, 1], "texture": "#0"},
				"east": {"uv": [0, 0, 1, 1], "texture": "#0"},
				"south": {"uv": [0, 0, 3, 1], "texture": "#0"},
				"west": {"uv": [0, 0, 1, 1], "texture": "#0"},
				"up": {"uv": [0, 0, 2, 1], "texture": "#0"}
			}
		},
		{
			"from": [5, -9, 3],
			"to": [8, -7, 4],
			"faces": {
				"north": {"uv": [0, 0, 3, 2], "texture": "#0"},
				"east": {"uv": [0, 0, 1, 2], "texture": "#0"},
				"south": {"uv": [0, 0, 3, 2], "texture": "#0"},
				"west": {"uv": [0, 0, 1, 2], "texture": "#0"},
				"up": {"uv": [0, 0, 3, 1], "texture": "#0"},
				"down": {"uv": [0, 0, 3, 1], "texture": "#0"}
			}
		},
		{
			"from": [3, -5, 3],
			"to": [6, -3, 4],
			"faces": {
				"north": {"uv": [0, 0, 3, 2], "texture": "#0"},
				"east": {"uv": [0, 0, 1, 2], "texture": "#0"},
				"south": {"uv": [0, 0, 3, 2], "texture": "#0"},
				"west": {"uv": [0, 0, 1, 2], "texture": "#0"},
				"up": {"uv": [0, 0, 3, 1], "texture": "#0"},
				"down": {"uv": [0, 0, 3, 1], "texture": "#0"}
			}
		},
		{
			"from": [4, -7, 3],
			"to": [7, -5, 4],
			"faces": {
				"north": {"uv": [0, 0, 3, 1], "texture": "#0"},
				"east": {"uv": [0, 0, 1, 1], "texture": "#0"},
				"south": {"uv": [0, 0, 3, 1], "texture": "#0"},
				"west": {"uv": [0, 0, 1, 1], "texture": "#0"},
				"up": {"uv": [0, 0, 3, 1], "texture": "#0"},
				"down": {"uv": [0, 0, 3, 1], "texture": "#0"}
			}
		},
		{
			"from": [2, -3, 3],
			"to": [5, 1, 4],
			"faces": {
				"north": {"uv": [0, 0, 3, 2], "texture": "#0"},
				"east": {"uv": [0, 0, 1, 4], "texture": "#0"},
				"south": {"uv": [0, 0, 3, 4], "texture": "#0"},
				"west": {"uv": [0, 0, 1, 4], "texture": "#0"},
				"up": {"uv": [0, 0, 3, 1], "texture": "#0"},
				"down": {"uv": [0, 0, 3, 1], "texture": "#0"}
			}
		},
		{
			"from": [2, 0, 11],
			"to": [5, 1, 12],
			"faces": {
				"north": {"uv": [0, 0, 5, 2], "texture": "#0"},
				"east": {"uv": [0, 0, 1, 2], "texture": "#0"},
				"south": {"uv": [0, 0, 5, 2], "texture": "#0"},
				"west": {"uv": [0, 0, 1, 2], "texture": "#0"},
				"up": {"uv": [0, 0, 3, 1], "texture": "#0"},
				"down": {"uv": [0, 0, 5, 1], "texture": "#0"}
			}
		},
		{
			"from": [2, 1, 4],
			"to": [5, 2, 12],
			"faces": {
				"north": {"uv": [0, 0, 3, 1], "texture": "#0"},
				"east": {"uv": [0, 0, 8, 1], "texture": "#0"},
				"south": {"uv": [0, 0, 3, 1], "texture": "#0"},
				"west": {"uv": [0, 0, 8, 1], "texture": "#0"},
				"up": {"uv": [0, 0, 3, 8], "texture": "#0"},
				"down": {"uv": [0, 0, 3, 8], "texture": "#0"}
			}
		},
		{
			"from": [7, -1, 20],
			"to": [9, 0, 23],
			"faces": {
				"east": {"uv": [0, 0, 3, 1], "texture": "#0"},
				"south": {"uv": [0, 0, 2, 1], "texture": "#0"},
				"west": {"uv": [0, 0, 3, 1], "texture": "#0"},
				"up": {"uv": [0, 0, 2, 3], "texture": "#0"},
				"down": {"uv": [0, 0, 2, 3], "texture": "#0"}
			}
		},
		{
			"from": [9, -3, 20],
			"to": [10, -1, 23],
			"faces": {
				"east": {"uv": [0, 0, 3, 2], "texture": "#0"},
				"south": {"uv": [0, 0, 1, 2], "texture": "#0"},
				"west": {"uv": [0, 0, 3, 2], "texture": "#0"},
				"up": {"uv": [0, 0, 1, 3], "texture": "#0"},
				"down": {"uv": [0, 0, 1, 3], "texture": "#0"}
			}
		},
		{
			"from": [7, -4, 19],
			"to": [9, -3, 23],
			"faces": {
				"east": {"uv": [0, 0, 4, 1], "texture": "#0"},
				"south": {"uv": [0, 0, 2, 1], "texture": "#0"},
				"west": {"uv": [0, 0, 4, 1], "texture": "#0"},
				"up": {"uv": [0, 0, 2, 4], "texture": "#0"},
				"down": {"uv": [0, 0, 2, 4], "texture": "#0"}
			}
		},
		{
			"from": [6, -3, 20],
			"to": [7, -1, 23],
			"faces": {
				"east": {"uv": [0, 0, 3, 2], "texture": "#0"},
				"south": {"uv": [0, 0, 1, 2], "texture": "#0"},
				"west": {"uv": [0, 0, 3, 2], "texture": "#0"},
				"up": {"uv": [0, 0, 1, 3], "texture": "#0"},
				"down": {"uv": [0, 0, 1, 3], "texture": "#0"}
			}
		},
		{
			"from": [1, -10, 12],
			"to": [15, -3, 13],
			"faces": {
				"east": {"uv": [0, 0, 1, 7], "texture": "#1"},
				"west": {"uv": [0, 0, 1, 7], "texture": "#1"}
			}
		},
		{
			"from": [1, -11, 11],
			"to": [15, 0, 12],
			"faces": {
				"north": {"uv": [0, 0, 14, 11], "texture": "#1"},
				"east": {"uv": [0, 0, 1, 11], "texture": "#1"},
				"west": {"uv": [0, 0, 1, 11], "texture": "#1"},
				"up": {"uv": [0, 0, 14, 1], "texture": "#1"}
			}
		},
		{
			"from": [2, -7, 17],
			"to": [14, -3, 18],
			"faces": {
				"east": {"uv": [0, 0, 1, 4], "texture": "#1"},
				"south": {"uv": [0, 0, 12, 4], "texture": "#1"},
				"west": {"uv": [0, 0, 1, 4], "texture": "#1"}
			}
		},
		{
			"from": [1, -9, 13],
			"to": [15, -3, 17],
			"faces": {
				"east": {"uv": [0, 0, 4, 6], "texture": "#1"},
				"south": {"uv": [0, 0, 14, 6], "texture": "#1"},
				"west": {"uv": [0, 0, 4, 6], "texture": "#1"}
			}
		},
		{
			"from": [1, -14, 20],
			"to": [15, -8, 21],
			"faces": {
				"east": {"uv": [0, 0, 1, 6], "texture": "#1"},
				"south": {"uv": [0, 0, 14, 6], "texture": "#1"},
				"west": {"uv": [0, 0, 1, 6], "texture": "#1"},
				"up": {"uv": [0, 0, 14, 1], "texture": "#1"}
			}
		},
		{
			"from": [1, -9, 17],
			"to": [15, -7, 19],
			"faces": {
				"east": {"uv": [0, 0, 2, 2], "texture": "#1"},
				"west": {"uv": [0, 0, 2, 2], "texture": "#1"},
				"up": {"uv": [0, 0, 14, 2], "texture": "#1"}
			}
		},
		{
			"from": [0, -10, 13],
			"to": [16, -9, 19],
			"faces": {
				"north": {"uv": [0, 0, 16, 1], "texture": "#1"},
				"east": {"uv": [0, 0, 6, 1], "texture": "#1"},
				"south": {"uv": [0, 0, 16, 1], "texture": "#1"},
				"west": {"uv": [0, 0, 6, 1], "texture": "#1"},
				"up": {"uv": [0, 0, 16, 6], "texture": "#1"}
			}
		},
		{
			"from": [-1, -14, 13],
			"to": [17, -10, 19],
			"faces": {
				"north": {"uv": [0, 0, 16, 4], "texture": "#0"},
				"east": {"uv": [0, 0, 6, 4], "texture": "#0"},
				"south": {"uv": [0, 0, 16, 4], "texture": "#0"},
				"west": {"uv": [0, 0, 6, 4], "texture": "#0"},
				"up": {"uv": [0, 0, 16, 6], "texture": "#0"},
				"down": {"uv": [0, 0, 16, 6], "texture": "#0"}
			}
		},
		{
			"from": [0, -14, 19],
			"to": [16, -10, 20],
			"faces": {
				"east": {"uv": [0, 0, 1, 4], "texture": "#1"},
				"south": {"uv": [0, 0, 16, 4], "texture": "#1"},
				"west": {"uv": [0, 0, 1, 4], "texture": "#1"},
				"up": {"uv": [0, 0, 16, 1], "texture": "#1"},
				"down": {"uv": [0, 0, 16, 1], "texture": "#1"}
			}
		},
		{
			"from": [1, -10, 19],
			"to": [15, -7, 20],
			"faces": {
				"east": {"uv": [0, 0, 1, 3], "texture": "#1"},
				"south": {"uv": [0, 0, 14, 3], "texture": "#1"},
				"west": {"uv": [0, 0, 1, 3], "texture": "#1"},
				"up": {"uv": [0, 0, 14, 1], "texture": "#1"}
			}
		},
		{
			"from": [1, -15, 19],
			"to": [15, -14, 21],
			"faces": {
				"east": {"uv": [0, 0, 2, 1], "texture": "#1"},
				"south": {"uv": [0, 0, 14, 1], "texture": "#1"},
				"west": {"uv": [0, 0, 2, 1], "texture": "#1"},
				"down": {"uv": [0, 0, 14, 2], "texture": "#1"}
			}
		},
		{
			"from": [1, -16, 12],
			"to": [15, -15, 20],
			"faces": {
				"east": {"uv": [0, 0, 8, 1], "texture": "#0"},
				"south": {"uv": [0, 0, 14, 1], "texture": "#0"},
				"west": {"uv": [0, 0, 8, 1], "texture": "#0"},
				"down": {"uv": [0, 0, 14, 8], "texture": "#0"}
			}
		},
		{
			"from": [1, -16, 11],
			"to": [15, -11, 12],
			"faces": {
				"north": {"uv": [0, 0, 14, 5], "texture": "#1"},
				"east": {"uv": [0, 0, 1, 5], "texture": "#1"},
				"west": {"uv": [0, 0, 1, 5], "texture": "#1"},
				"down": {"uv": [0, 0, 14, 1], "texture": "#1"}
			}
		},
		{
			"from": [0, -15, 13],
			"to": [16, -14, 19],
			"faces": {
				"east": {"uv": [0, 0, 6, 1], "texture": "#1"},
				"south": {"uv": [0, 0, 16, 1], "texture": "#1"},
				"west": {"uv": [0, 0, 6, 1], "texture": "#1"},
				"down": {"uv": [0, 0, 16, 6], "texture": "#1"}
			}
		},
		{
			"from": [0, -15, 12],
			"to": [16, -10, 13],
			"faces": {
				"north": {"uv": [0, 0, 16, 5], "texture": "#1"},
				"east": {"uv": [0, 0, 1, 5], "texture": "#1"},
				"west": {"uv": [0, 0, 1, 5], "texture": "#1"},
				"up": {"uv": [0, 0, 16, 1], "texture": "#1"},
				"down": {"uv": [0, 0, 16, 1], "texture": "#1"}
			}
		},
		{
			"from": [1, 0, 12],
			"to": [15, 1, 19],
			"faces": {
				"north": {"uv": [0, 0, 14, 1], "texture": "#2"},
				"east": {"uv": [0, 0, 7, 1], "texture": "#2"},
				"south": {"uv": [0, 0, 14, 1], "texture": "#2"},
				"west": {"uv": [0, 0, 7, 1], "texture": "#2"},
				"up": {"uv": [0, 0, 14, 7], "texture": "#2"}
			}
		},
		{
			"from": [1, -3, 19],
			"to": [15, 0, 20],
			"faces": {
				"east": {"uv": [0, 0, 1, 3], "texture": "#2"},
				"south": {"uv": [0, 0, 14, 3], "texture": "#2"},
				"west": {"uv": [0, 0, 1, 3], "texture": "#2"},
				"up": {"uv": [0, 0, 14, 1], "texture": "#2"},
				"down": {"uv": [0, 0, 14, 1], "texture": "#2"}
			}
		},
		{
			"from": [0, -3, 12],
			"to": [16, 0, 19],
			"faces": {
				"north": {"uv": [0, 0, 16, 3], "texture": "#0"},
				"east": {"uv": [0, 0, 7, 3], "texture": "#0"},
				"south": {"uv": [0, 0, 16, 3], "texture": "#0"},
				"west": {"uv": [0, 0, 7, 3], "texture": "#0"},
				"up": {"uv": [0, 0, 16, 7], "texture": "#0"},
				"down": {"uv": [0, 0, 16, 7], "texture": "#0"}
			}
		},
		{
			"from": [2, -14, 3],
			"to": [14, -11, 4],
			"faces": {
				"north": {"uv": [0, 0, 14, 3], "texture": "#0"},
				"east": {"uv": [0, 0, 1, 3], "texture": "#0"},
				"south": {"uv": [0, 0, 14, 3], "texture": "#0"},
				"west": {"uv": [0, 0, 1, 3], "texture": "#0"},
				"up": {"uv": [0, 0, 14, 1], "texture": "#0"},
				"down": {"uv": [0, 0, 14, 1], "texture": "#0"}
			}
		},
		{
			"from": [14, -14, 4],
			"to": [15, -11, 11],
			"faces": {
				"north": {"uv": [0, 0, 1, 3], "texture": "#0"},
				"east": {"uv": [0, 0, 8, 3], "texture": "#0"},
				"west": {"uv": [0, 0, 8, 3], "texture": "#0"},
				"up": {"uv": [0, 0, 1, 8], "texture": "#0"},
				"down": {"uv": [0, 0, 1, 8], "texture": "#0"}
			}
		},
		{
			"from": [1, -14, 4],
			"to": [2, -11, 11],
			"faces": {
				"north": {"uv": [0, 0, 1, 3], "texture": "#0"},
				"east": {"uv": [0, 0, 8, 3], "texture": "#0"},
				"west": {"uv": [0, 0, 8, 3], "texture": "#0"},
				"up": {"uv": [0, 0, 1, 8], "texture": "#0"},
				"down": {"uv": [0, 0, 1, 8], "texture": "#0"}
			}
		}
	],
	"display": {
		"thirdperson_righthand": {
			"translation": [0, 12, -5.5],
			"scale": [0.55, 0.55, 0.55]
		},
		"thirdperson_lefthand": {
			"translation": [0, 12, -5.5],
			"scale": [0.55, 0.55, 0.55]
		},
		"firstperson_righthand": {
			"rotation": [-45, 0, 0],
			"translation": [5.5, 1.5, -14],
			"scale": [0.68, 0.68, 0.68]
		},
		"firstperson_lefthand": {
			"rotation": [-45, 0, 0],
			"translation": [5.5, 1.5, -14],
			"scale": [0.68, 0.68, 0.68]
		},
		"ground": {
			"translation": [0, 12, 0],
			"scale": [0.5, 0.5, 0.5]
		},
		"gui": {
			"translation": [0, 9, 0],
			"scale": [0.625, 0.625, 0.625]
		},
		"fixed": {
			"rotation": [0, 180, 0],
			"translation": [0, 15, 2]
		}
	},
	"groups": [0, 1, 2, 3,
		{
			"name": "straps",
			"children": [
				{
					"name": "back",
					"children": [4, 5, 6, 7, 8, 9, 10]
				},
				{
					"name": "left",
					"children": [11, 12, 13, 14, 15, 16, 17]
				},
				{
					"name": "right",
					"children": [18, 19, 20, 21, 22, 23, 24]
				}
			]
		},
		{
			"name": "valve",
			"children": [25, 26, 27, 28]
		},
		{
			"name": "bag",
			"children": [
				{
					"name": "center",
					"children": [29, 30, 31, 32]
				},
				{
					"name": "bottom",
					"children": [33, 34, 35, 36, 37, 38, 39, 40, 41, 42, 43]
				},
				{
					"name": "top",
					"children": [44, 45, 46]
				}
			]
		},
		{
			"name": "belt",
			"children": [47, 48, 49]
		}
	]
}