{
  "type": "minecraft:block",
  "pools": [
    {
      "bonus_rolls": 0.0,
      "conditions": [
        {
          "condition": "minecraft:match_tool",
          "predicate": {
            "items": [
              "minecraft:shears"
            ]
          }
        }
      ],
      "entries": [
        {
          "type": "minecraft:item",
          "name": "crittersandcompanions:silk_cocoon"
        }
      ],
      "rolls": 1.0
    },
    {
      "rolls": 1,
      "bonus_rolls": 0.0,
      "conditions": [
        {
          "condition": "minecraft:inverted",
          "term": {
            "condition": "minecraft:match_tool",
            "predicate": {
              "items": [
                "minecraft:shears"
              ]
            }
          }
        }
      ],
      "entries": [
        {
          "type": "minecraft:item",
          "name": "crittersandcompanions:silk",
          "functions": [
            {
              "function": "minecraft:set_count",
              "count": {
                "min": 3,
                "max": 5
              }
            }
          ]
        }
      ]
    },
    {
      "rolls": 1,
      "bonus_rolls": 0.0,
      "conditions": [
        {
          "condition": "minecraft:inverted",
          "term": {
            "condition": "minecraft:match_tool",
            "predicate": {
              "items": [
                "minecraft:shears"
              ]
            }
          }
        }
      ],
      "entries": [
        {
          "type": "minecraft:item",
          "name": "minecraft:ender_pearl",
          "conditions": [
            {
              "condition": "minecraft:random_chance",
              "chance": 0.0
            }
          ]
        },
        {
          "type": "minecraft:item",
          "name": "minecraft:name_tag",
          "conditions": [
            {
              "condition": "minecraft:random_chance",
              "chance": 0.0
            }
          ]
        }
      ]
    },
    {
      "rolls": 2,
      "bonus_rolls": 0,
      "conditions": [
        {
          "condition": "minecraft:inverted",
          "term": {
            "condition": "minecraft:match_tool",
            "predicate": {
              "items": [
                "minecraft:shears"
              ]
            }
          }
        }
      ],
      "entries": [
        {
          "type": "minecraft:item",
          "name": "crittersandcompanions:dragonfly_wing"
        },
        {
          "type": "minecraft:item",
          "name": "minecraft:slime_ball",
          "functions": [
            {
              "function": "minecraft:set_count",
              "count": {
                "min": 1,
                "max": 2
              }
            }
          ]
        },
        {
          "type": "minecraft:item",
          "weight": 10,
          "name": "minecraft:rabbit_hide",
          "functions": [
            {
              "function": "minecraft:set_count",
              "count": {
                "min": 1,
                "max": 3
              }
            }
          ]
        },
        {
          "type": "minecraft:item",
          "weight": 10,
          "name": "minecraft:spider_eye",
          "functions": [
            {
              "function": "minecraft:set_count",
              "count": {
                "min": 1,
                "max": 3
              }
            }
          ]
        },
        {
          "type": "minecraft:item",
          "weight": 10,
          "name": "minecraft:coal",
          "functions": [
            {
              "function": "minecraft:set_count",
              "count": {
                "min": 1,
                "max": 3
              }
            }
          ]
        },
        {
          "type": "minecraft:item",
          "weight": 10,
          "name": "minecraft:iron_nugget",
          "functions": [
            {
              "function": "minecraft:set_count",
              "count": {
                "min": 1,
                "max": 3
              }
            }
          ]
        },
        {
          "type": "minecraft:item",
          "weight": 7,
          "name": "minecraft:bone",
          "functions": [
            {
              "function": "minecraft:set_count",
              "count": {
                "min": 1,
                "max": 3
              }
            }
          ]
        }
      ]
    }
  ]
}
