{
  "values": [
    "minecraft:cooked_beef",
    "minecraft:cooked_chicken",
    "minecraft:cooked_mutton",
    "minecraft:cooked_rabbit",
    "minecraft:cooked_porkchop",
    "minecraft:cooked_cod",
    "minecraft:cooked_salmon",
    "minecraft:baked_potato",
    "minecraft:bread",
    "minecraft:suspicious_stew",
    "minecraft:beetroot_soup",
    "minecraft:mushroom_stew",
    "minecraft:rabbit_stew",

    { "id": "#forge:bread", "required": false },
    { "id": "#forge:cooked_beef", "required": false },
    { "id": "#forge:cooked_bacon", "required": false },
    { "id": "#forge:cooked_chicken", "required": false },
    { "id": "#forge:cooked_pork", "required": false },
    { "id": "#forge:cooked_mutton", "required": false },
    { "id": "#forge:cooked_rabbit", "required": false },
    { "id": "#forge:cooked_duck","required": false },
    { "id": "#forge:cooked_venison","required": false },
    { "id": "#forge:cooked_fishes", "required": false },
    { "id": "#forge:crops/cabbage", "required": false },
    { "id": "#forge:crops/tomato", "required": false },
    { "id": "#forge:crops/onion", "required": false },
    { "id": "#forge:salad_ingredients", "required": false },

    { "id": "abnormals_delight:seared_venison", "required": false },
    { "id": "abnormals_delight:passionfruit_glazed_duck", "required": false },
    { "id": "abnormals_delight:dune_platter", "required": false },
    { "id": "abnormals_delight:duck_noodles", "required": false },
    { "id": "abnormals_delight:perch_with_mushrooms", "required": false },
    { "id": "abnormals_delight:pike_with_beetroot", "required": false },
    { "id": "abnormals_delight:venison_with_bamboo_shoots", "required": false },
    { "id": "abnormals_delight:maple_glazed_bacon", "required": false },
    { "id": "abnormals_delight:escargot", "required": false },

    { "id": "additionaladditions:fried_egg", "required": false },
    { "id": "additionaladditions:chicken_nugget", "required": false },

    { "id": "aquaculture:algae", "required": false },
    { "id": "aquaculture:fish_fillet_cooked", "required": false },
    { "id": "aquaculture:frog_legs_cooked", "required": false },
    { "id": "aquaculture:turtle_soup", "required": false },
    { "id": "aquaculture:sushi", "required": false },

    { "id": "atmospheric:roasted_yucca_fruit", "required": false },
    { "id": "atmospheric:aloe_leaves", "required": false },
    { "id": "atmospheric:aloe_gel_bottle", "required": false },

    { "id": "autumnity:foul_soup", "required": false },
    { "id": "autumnity:cooked_turkey_piece", "required": false },

    { "id": "brewinandchewin:kimchi", "required": false },
    { "id": "brewinandchewin:jerky", "required": false },
    { "id": "brewinandchewin:pickled_pickles", "required": false },
    { "id": "brewinandchewin:kippers", "required": false },
    { "id": "brewinandchewin:flaxen_cheese_wedge", "required": false },
    { "id": "brewinandchewin:scarlet_cheese_wedge", "required": false },
    { "id": "brewinandchewin:pizza_slice", "required": false },
    { "id": "brewinandchewin:ham_and_cheese_sandwich", "required": false },

    { "id": "berry_good:sweet_berry_meatballs", "required": false },

    { "id": "#butchercraft:any_meat_cooked", "required": false },
    { "id": "butchercraft:pork_stew", "required": false },
    { "id": "butchercraft:lamb_stew", "required": false },
    { "id": "butchercraft:sausage_roll", "required": false },
    { "id": "butchercraft:sos", "required": false },
    { "id": "butchercraft:liver_onions", "required": false },
    { "id": "butchercraft:fries", "required": false },
    { "id": "butchercraft:fried_fish", "required": false },
    { "id": "butchercraft:chicken_fried_steak", "required": false },
    { "id": "butchercraft:pork_tenderloin", "required": false },
    { "id": "butchercraft:fried_chicken", "required": false },
    { "id": "butchercraft:stuffed_heart", "required": false },
    { "id": "butchercraft:fried_brains", "required": false },
    { "id": "butchercraft:oxtail_soup", "required": false },
    { "id": "butchercraft:hash", "required": false },
    { "id": "butchercraft:potroast", "required": false },
    { "id": "butchercraft:salisbury_steak", "required": false },
    { "id": "butchercraft:bbq_ribs", "required": false },
    { "id": "butchercraft:meat_pie_slice", "required": false },
    { "id": "butchercraft:pulled_pork_sandwich", "required": false },
    { "id": "butchercraft:mashed_potato_gravy", "required": false },
    { "id": "butchercraft:rack_lamb", "required": false },
    { "id": "butchercraft:stirfry", "required": false },
    { "id": "butchercraft:beef_wellington", "required": false },
    { "id": "butchercraft:haggis", "required": false },

    { "id": "buzzier_bees:honey_glazed_porkchop", "required": false },

    { "id": "croptopia:baked_beans", "required": false },
    { "id": "croptopia:baked_sweet_potato", "required": false },
    { "id": "croptopia:baked_yam", "required": false },
    { "id": "croptopia:cooked_anchovy", "required": false },
    { "id": "croptopia:cooked_calamari", "required": false },
    { "id": "croptopia:cooked_shrimp", "required": false },
    { "id": "croptopia:cooked_tuna", "required": false },
    { "id": "croptopia:popcorn", "required": false },
    { "id": "croptopia:toast", "required": false },
    { "id": "croptopia:popcorn", "required": false },
    { "id": "croptopia:tofu", "required": false },
    { "id": "croptopia:pepperoni", "required": false },
    { "id": "croptopia:beef_jerky", "required": false },
    { "id": "croptopia:pork_jerky", "required": false },
    { "id": "croptopia:cucumber_salad", "required": false },
    { "id": "croptopia:caesar_salad", "required": false },
    { "id": "croptopia:leafy_salad", "required": false },
    { "id": "croptopia:veggie_salad", "required": false },
    { "id": "croptopia:pork_and_beans", "required": false },
    { "id": "croptopia:leek_soup", "required": false },
    { "id": "croptopia:roasted_nuts", "required": false },
    { "id": "croptopia:scrambled_eggs", "required": false },
    { "id": "croptopia:buttered_toast", "required": false },
    { "id": "croptopia:ham_sandwich", "required": false },
    { "id": "croptopia:blt", "required": false },
    { "id": "croptopia:grilled_cheese", "required": false },
    { "id": "croptopia:tuna_sandwich", "required": false },
    { "id": "croptopia:cheeseburger", "required": false },
    { "id": "croptopia:hamburger", "required": false },
    { "id": "croptopia:tofuburger", "required": false },
    { "id": "croptopia:pizza", "required": false },
    { "id": "croptopia:supreme_pizza", "required": false },
    { "id": "croptopia:cheese_pizza", "required": false },
    { "id": "croptopia:pineapple_pepperoni_pizza", "required": false },
    { "id": "croptopia:lemon_chicken", "required": false },
    { "id": "croptopia:fried_chicken", "required": false },
    { "id": "croptopia:chicken_and_noodles", "required": false },
    { "id": "croptopia:chicken_and_dumplings", "required": false },
    { "id": "croptopia:tofu_and_dumplings", "required": false },
    { "id": "croptopia:spaghetti_squash", "required": false },
    { "id": "croptopia:chicken_and_rice", "required": false },
    { "id": "croptopia:taco", "required": false },
    { "id": "croptopia:sushi", "required": false },
    { "id": "croptopia:egg_roll", "required": false },
    { "id": "croptopia:cashew_chicken", "required": false },
    { "id": "croptopia:burrito", "required": false },
    { "id": "croptopia:tostada", "required": false },
    { "id": "croptopia:carnitas", "required": false },
    { "id": "croptopia:fajitas", "required": false },
    { "id": "croptopia:enchilada", "required": false },
    { "id": "croptopia:stuffed_poblanos", "required": false },
    { "id": "croptopia:refried_beans", "required": false },
    { "id": "croptopia:quesadilla", "required": false },
    { "id": "croptopia:beef_wellington", "required": false },
    { "id": "croptopia:cornish_pasty", "required": false },
    { "id": "croptopia:avocado_toast", "required": false },
    { "id": "croptopia:beef_stew", "required": false },
    { "id": "croptopia:beef_stir_fry", "required": false },
    { "id": "croptopia:cheesy_asparagus", "required": false },
    { "id": "croptopia:eggplant_parmesan", "required": false },
    { "id": "croptopia:potato_soup", "required": false },
    { "id": "croptopia:ratatouille", "required": false },
    { "id": "croptopia:steamed_broccoli", "required": false },
    { "id": "croptopia:steamed_green_beans", "required": false },
    { "id": "croptopia:stir_fry", "required": false },
    { "id": "croptopia:toast_sandwich", "required": false },
    { "id": "croptopia:corn_bread", "required": false },
    { "id": "croptopia:cabbage_roll", "required": false },
    { "id": "croptopia:borscht", "required": false },
    { "id": "croptopia:goulash", "required": false },
    { "id": "croptopia:beetroot_salad", "required": false },
    { "id": "croptopia:steamed_crab", "required": false },
    { "id": "croptopia:deep_fried_shrimp", "required": false },
    { "id": "croptopia:tuna_roll", "required": false },
    { "id": "croptopia:fried_calamari", "required": false },
    { "id": "croptopia:anchovy_pizza", "required": false },
    { "id": "croptopia:baked_crepes", "required": false },
    { "id": "croptopia:croque_madame", "required": false },
    { "id": "croptopia:croque_monsieur", "required": false },
    { "id": "croptopia:dauphine_potatoes", "required": false },
    { "id": "croptopia:fried_frog_legs", "required": false },
    { "id": "croptopia:hashed_brown", "required": false },
    { "id": "croptopia:quiche", "required": false },
    { "id": "croptopia:sunny_side_eggs", "required": false },
    { "id": "croptopia:the_big_breakfast", "required": false },

    { "id": "culturaldelights:hearty_salad", "required": false },
    { "id": "culturaldelights:elote", "required": false },
    { "id": "culturaldelights:tortilla_chips", "required": false },
    { "id": "culturaldelights:tortilla", "required": false },
    { "id": "culturaldelights:smoked_cut_eggplant", "required": false },
    { "id": "culturaldelights:smoked_tomato", "required": false },
    { "id": "culturaldelights:smoked_eggplant", "required": false },
    { "id": "culturaldelights:cut_pickle", "required": false },
    { "id": "culturaldelights:pickle", "required": false },
    { "id": "culturaldelights:cooked_squid", "required": false },
    { "id": "culturaldelights:cooked_calamari", "required": false },
    { "id": "culturaldelights:smoked_white_eggplant", "required": false },
    { "id": "culturaldelights:popcorn", "required": false },
    { "id": "culturaldelights:beef_burrito", "required": false },
    { "id": "culturaldelights:mutton_sandwich", "required": false },
    { "id": "culturaldelights:fried_eggplant_pasta", "required": false },
    { "id": "culturaldelights:eggplant_burger", "required": false },
    { "id": "culturaldelights:avocado_toast", "required": false },
    { "id": "culturaldelights:creamed_corn", "required": false },
    { "id": "culturaldelights:chicken_taco", "required": false },
    { "id": "culturaldelights:spicy_curry", "required": false },
    { "id": "culturaldelights:pork_wrap", "required": false },
    { "id": "culturaldelights:fish_taco", "required": false },
    { "id": "culturaldelights:midori_roll", "required": false },
    { "id": "culturaldelights:midori_roll_slice", "required": false },
    { "id": "culturaldelights:egg_roll", "required": false },
    { "id": "culturaldelights:chicken_roll", "required": false },
    { "id": "culturaldelights:chicken_roll_slice", "required": false },
    { "id": "culturaldelights:pufferfish_roll", "required": false },
    { "id": "culturaldelights:tropical_roll", "required": false },
    { "id": "culturaldelights:rice_ball", "required": false },
    { "id": "culturaldelights:calamari_roll", "required": false },

    { "id": "delightful:field_salad", "required": false },
    { "id": "delightful:cheeseburger", "required": false },
    { "id": "delightful:deluxe_cheeseburger", "required": false },
    { "id": "delightful:cooked_venison_chops", "required": false },
    { "id": "delightful:cooked_goat", "required": false },

    { "id": "environmental:truffle", "required": false },
    { "id": "environmental:truffle_mash", "required": false },

    { "id": "farmersdelight:fried_egg", "required": false },
    { "id": "farmersdelight:tomato_sauce", "required": false },
    { "id": "farmersdelight:smoked_ham", "required": false },
    { "id": "farmersdelight:mixed_salad", "required": false },
    { "id": "farmersdelight:barbecue_stick", "required": false },
    { "id": "farmersdelight:egg_sandwich", "required": false },
    { "id": "farmersdelight:chicken_sandwich", "required": false },
    { "id": "farmersdelight:hamburger", "required": false },
    { "id": "farmersdelight:bacon_sandwich", "required": false },
    { "id": "farmersdelight:mutton_wrap", "required": false },
    { "id": "farmersdelight:dumplings", "required": false },
    { "id": "farmersdelight:stuffed_potato", "required": false },
    { "id": "farmersdelight:cabbage_rolls", "required": false },
    { "id": "farmersdelight:salmon_roll", "required": false },
    { "id": "farmersdelight:cod_roll", "required": false },
    { "id": "farmersdelight:kelp_roll", "required": false },
    { "id": "farmersdelight:kelp_roll_slice", "required": false },
    { "id": "farmersdelight:cooked_rice", "required": false },
    { "id": "farmersdelight:bone_broth", "required": false },
    { "id": "farmersdelight:beef_stew", "required": false },
    { "id": "farmersdelight:chicken_soup", "required": false },
    { "id": "farmersdelight:vegetable_soup", "required": false },
    { "id": "farmersdelight:fish_stew", "required": false },
    { "id": "farmersdelight:fried_rice", "required": false },
    { "id": "farmersdelight:pumpkin_soup", "required": false },
    { "id": "farmersdelight:baked_cod_stew", "required": false },
    { "id": "farmersdelight:noodle_soup", "required": false },
    { "id": "farmersdelight:bacon_and_eggs", "required": false },
    { "id": "farmersdelight:pasta_with_meatballs", "required": false },
    { "id": "farmersdelight:pasta_with_mutton_chop", "required": false },
    { "id": "farmersdelight:mushroom_rice", "required": false },
    { "id": "farmersdelight:roasted_mutton_chops", "required": false },
    { "id": "farmersdelight:vegetable_noodles", "required": false },
    { "id": "farmersdelight:steak_and_potatoes", "required": false },
    { "id": "farmersdelight:ratatouille", "required": false },
    { "id": "farmersdelight:squid_ink_pasta", "required": false },
    { "id": "farmersdelight:grilled_salmon", "required": false },
    { "id": "farmersdelight:roast_chicken", "required": false },
    { "id": "farmersdelight:stuffed_pumpkin", "required": false },
    { "id": "farmersdelight:honey_glazed_ham", "required": false },
    { "id": "farmersdelight:shepherds_pie", "required": false },
    { "id": "farmersdelight:nether_salad", "required": false },

    { "id": "farmersrespite:black_cod", "required": false },
    { "id": "farmersrespite:tea_curry", "required": false },
    { "id": "farmersrespite:blazing_chili", "required": false },
    { "id": "farmersrespite:nether_wart_sourdough", "required": false },

    { "id": "largemeals:pufferfish_broth", "required": false },
    { "id": "largemeals:red_soup", "required": false },
    { "id": "largemeals:potato_soup", "required": false },
    { "id": "largemeals:cod_deluxe", "required": false },
    { "id": "largemeals:cod_surprise", "required": false },
    { "id": "largemeals:hearty_lunch", "required": false },
    { "id": "largemeals:omurice", "required": false },
    { "id": "largemeals:mushroom_pot_pie_slice", "required": false },

    { "id": "malum:holy_caramel", "required": false },
    { "id": "malum:unholy_caramel", "required": false },

    { "id": "miners_delight:bat_wing", "required": false },
    { "id": "miners_delight:smoked_bat_wing", "required": false },
    { "id": "miners_delight:squid", "required": false },
    { "id": "miners_delight:glow_squid", "required": false },
    { "id": "miners_delight:baked_squid", "required": false },
    { "id": "miners_delight:tentacles", "required": false },
    { "id": "miners_delight:baked_tentacles", "required": false },
    { "id": "miners_delight:improvised_barbecue_stick", "required": false },
    { "id": "miners_delight:pasta_with_veggieballs", "required": false },
    { "id": "miners_delight:cave_soup", "required": false },
    { "id": "miners_delight:bowl_of_stuffed_squid", "required": false },
    { "id": "miners_delight:beetroot_soup_cup", "required": false },
    { "id": "miners_delight:mushroom_stew_cup", "required": false },
    { "id": "miners_delight:rabbit_stew_cup", "required": false },
    { "id": "miners_delight:baked_cod_stew_cup", "required": false },
    { "id": "miners_delight:noodle_stew_cup", "required": false },
    { "id": "miners_delight:beef_stew_cup", "required": false },
    { "id": "miners_delight:cave_stew_cup", "required": false },
    { "id": "miners_delight:chicken_stew_cup", "required": false },
    { "id": "miners_delight:fish_stew_cup", "required": false },
    { "id": "miners_delight:pumpkin_soup_cup", "required": false },
    { "id": "miners_delight:vegetable_soup_cup", "required": false },
    { "id": "miners_delight:baked_cave_carrot", "required": false },
    { "id": "miners_delight:weird_caviar", "required": false },
    { "id": "miners_delight:noodle_soup_cup", "required": false },
    { "id": "miners_delight:cave_soup_cup", "required": false },
    { "id": "miners_delight:chicken_soup_cup", "required": false },

    { "id": "neapolitan:dried_banana", "required": false },
    { "id": "neapolitan:roasted_adzuki_beans", "required": false },
    { "id": "neapolitan:cooked_mint_chops", "required": false },
    { "id": "neapolitan:adzuki_bun", "required": false },
    { "id": "neapolitan:adzuki_stew", "required": false },
    { "id": "neapolitan:adzuki_curry", "required": false },

    { "id": "#nethersdelight:raw_strider", "required": false },
    { "id": "nethersdelight:hoglin_sirloin", "required": false },
    { "id": "nethersdelight:roasted_hoglin_ear", "required": false },
    { "id": "nethersdelight:warped_moldy_meat", "required": false },
    { "id": "nethersdelight:grilled_strider", "required": false },
    { "id": "nethersdelight:strider_moss_stew", "required": false },
    { "id": "nethersdelight:plate_of_stuffed_hoglin", "required": false },
    { "id": "nethersdelight:plate_of_stuffed_hoglin_ham", "required": false },
    { "id": "nethersdelight:plate_of_stuffed_hoglin_roast", "required": false },
    { "id": "nethersdelight:nether_skewer", "required": false },

    { "id": "netherdepthsupgrade:cooked_lava_pufferfish_slice", "required": false },
    { "id": "netherdepthsupgrade:cooked_obsidianfish_slice", "required": false },
    { "id": "netherdepthsupgrade:cooked_magmacubefish_slice", "required": false },
    { "id": "netherdepthsupgrade:cooked_glowdine_slice", "required": false },
    { "id": "netherdepthsupgrade:cooked_soulsucker_slice", "required": false },
    { "id": "netherdepthsupgrade:lava_pufferfish_roll", "required": false },
    { "id": "netherdepthsupgrade:obsidianfish_roll", "required": false },
    { "id": "netherdepthsupgrade:searing_cod_roll", "required": false },
    { "id": "netherdepthsupgrade:blazefish_roll", "required": false },
    { "id": "netherdepthsupgrade:magmacubefish_roll", "required": false },
    { "id": "netherdepthsupgrade:glowdine_roll", "required": false },
    { "id": "netherdepthsupgrade:soulsucker_roll", "required": false },
    { "id": "netherdepthsupgrade:warped_kelp_roll", "required": false },
    { "id": "netherdepthsupgrade:warped_kelp_roll_slice", "required": false },
    { "id": "netherdepthsupgrade:grilled_lava_pufferfish", "required": false },
    { "id": "netherdepthsupgrade:grilled_obsidianfish", "required": false },
    { "id": "netherdepthsupgrade:grilled_searing_cod", "required": false },
    { "id": "netherdepthsupgrade:grilled_blazefish", "required": false },
    { "id": "netherdepthsupgrade:grilled_magmacubefish", "required": false },
    { "id": "netherdepthsupgrade:grilled_glowdine", "required": false },
    { "id": "netherdepthsupgrade:grilled_soulsucker", "required": false },
    { "id": "netherdepthsupgrade:baked_lava_pufferfish_stew", "required": false },
    { "id": "netherdepthsupgrade:baked_obsidianfish_stew", "required": false },
    { "id": "netherdepthsupgrade:baked_searing_cod_stew", "required": false },
    { "id": "netherdepthsupgrade:baked_blazefish_stew", "required": false },
    { "id": "netherdepthsupgrade:baked_magmacubefish_stew", "required": false },
    { "id": "netherdepthsupgrade:baked_glowdine_stew", "required": false },
    { "id": "netherdepthsupgrade:baked_soulsucker_stew", "required": false },

    { "id": "quark:cooked_frog_leg", "required": false },
    { "id": "quark:cooked_crab_leg", "required": false },

    { "id": "sob:cinder_bread", "required": false },

    { "id": "undergarden:bloody_stew", "required": false },
    { "id": "undergarden:inky_stew", "required": false },
    { "id": "undergarden:indigo_stew", "required": false },
    { "id": "undergarden:veiled_stew", "required": false },
    { "id": "undergarden:dweller_steak", "required": false },
    { "id": "undergarden:cooked_gwibling", "required": false },
    { "id": "undergarden:gloomper_leg", "required": false },

    { "id": "upgrade_aquatic:boiled_blue_pickerelweed", "required": false },
    { "id": "upgrade_aquatic:boiled_purple_pickerelweed", "required": false }
  ]
}